booked,guest,room,city,nights,rate,rating,outcome
2026-01-01,elena,double,prague,2,109.5,1,stayed
2026-01-01,dmitri,family,prague,4,159.0,2,stayed
2026-01-02,kira,family,paris,4,159.0,4,stayed
2026-01-03,leo,family,rome,7,159.0,3,stayed
2026-01-04,hugo,double,prague,2,109.5,4,stayed
2026-01-04,dmitri,family,lisbon,1,159.0,5,stayed
2026-01-05,ben,double,lisbon,3,109.5,5,stayed
2026-01-05,kira,suite,rome,3,289.9,5,stayed
2026-01-05,farid,double,lisbon,1,109.5,2,stayed
2026-01-06,dmitri,family,paris,4,159.0,5,stayed
2026-01-06,alice,family,vienna,5,159.0,1,stayed
2026-01-06,jonas,studio,rome,7,129.0,1,cancelled
2026-01-07,farid,twin,vienna,7,99.0,5,cancelled
2026-01-07,greta,twin,paris,2,99.0,3,stayed
2026-01-08,dmitri,family,paris,3,159.0,1,stayed
2026-01-08,jonas,twin,rome,1,99.0,1,stayed
2026-01-08,greta,suite,paris,4,289.9,4,no_show
2026-01-08,ines,family,prague,1,159.0,3,cancelled
2026-01-09,jonas,double,vienna,7,109.5,5,stayed
2026-01-09,ines,family,lisbon,5,159.0,3,stayed
2026-01-09,kira,single,prague,2,79.0,4,stayed
2026-01-09,leo,double,lisbon,7,109.5,3,stayed
2026-01-10,hugo,single,lisbon,5,79.0,5,cancelled
2026-01-10,ines,single,prague,5,79.0,5,stayed
2026-01-12,ines,double,paris,4,109.5,3,no_show
2026-01-13,dmitri,suite,vienna,1,289.9,2,stayed
2026-01-13,dmitri,family,rome,3,159.0,4,cancelled
2026-01-13,greta,family,prague,1,159.0,3,no_show
2026-01-14,farid,double,prague,2,109.5,2,stayed
2026-01-14,kira,twin,paris,2,99.0,5,no_show
2026-01-14,elena,twin,prague,3,99.0,5,stayed
2026-01-14,hugo,family,paris,5,159.0,4,stayed
2026-01-14,farid,suite,rome,5,289.9,5,stayed
2026-01-16,alice,single,rome,2,79.0,1,cancelled
2026-01-16,carla,family,paris,5,159.0,5,stayed
2026-01-16,kira,double,paris,2,109.5,1,stayed
2026-01-17,elena,single,rome,1,79.0,5,stayed
2026-01-17,carla,suite,lisbon,2,289.9,2,stayed
2026-01-18,jonas,single,paris,3,79.0,2,cancelled
2026-01-18,alice,family,paris,2,159.0,4,no_show
2026-01-18,leo,single,rome,3,79.0,4,cancelled
2026-01-19,ben,family,paris,2,159.0,4,stayed
2026-01-19,ben,studio,lisbon,5,129.0,2,cancelled
2026-01-21,greta,suite,paris,1,289.9,2,stayed
2026-01-22,leo,suite,lisbon,3,289.9,4,stayed
2026-01-22,ines,suite,prague,1,289.9,4,stayed
2026-01-22,carla,double,rome,4,109.5,5,stayed
2026-01-23,kira,family,prague,2,159.0,5,stayed
2026-01-23,ines,double,lisbon,7,109.5,5,no_show
2026-01-24,ines,double,paris,7,109.5,5,no_show
2026-01-24,farid,twin,lisbon,4,99.0,2,stayed
2026-01-25,dmitri,single,prague,3,79.0,5,stayed
2026-01-25,hugo,suite,lisbon,1,289.9,2,stayed
2026-01-25,ben,studio,vienna,2,129.0,4,stayed
2026-01-26,kira,suite,vienna,1,289.9,1,stayed
2026-01-27,hugo,suite,lisbon,3,289.9,5,cancelled
2026-01-27,leo,single,lisbon,1,79.0,5,stayed
2026-01-27,alice,suite,prague,3,289.9,4,stayed
2026-01-27,greta,studio,rome,4,129.0,4,stayed
2026-01-28,kira,double,vienna,4,109.5,2,stayed
2026-01-28,jonas,suite,lisbon,3,289.9,5,no_show
2026-01-29,jonas,double,vienna,2,109.5,5,stayed
2026-01-30,dmitri,double,rome,2,109.5,4,no_show
2026-01-30,jonas,single,paris,2,79.0,4,stayed
2026-01-30,jonas,suite,prague,2,289.9,4,cancelled
2026-01-31,carla,family,rome,1,159.0,1,stayed
2026-01-31,alice,studio,rome,2,129.0,5,cancelled
2026-01-31,carla,family,lisbon,1,159.0,4,stayed
2026-01-31,ines,family,lisbon,1,159.0,2,stayed
2026-02-01,elena,twin,paris,4,99.0,4,no_show
2026-02-01,ben,suite,prague,2,289.9,3,stayed
2026-02-02,ben,double,lisbon,2,109.5,2,cancelled
2026-02-02,carla,double,prague,4,109.5,1,stayed
2026-02-03,greta,studio,vienna,1,129.0,5,stayed
2026-02-03,leo,twin,paris,1,99.0,4,stayed
2026-02-03,jonas,twin,lisbon,3,99.0,5,stayed
2026-02-04,ben,studio,paris,4,129.0,4,stayed
2026-02-04,dmitri,studio,prague,5,129.0,2,stayed
2026-02-04,carla,suite,vienna,5,289.9,1,stayed
2026-02-04,greta,family,rome,3,159.0,4,stayed
2026-02-05,elena,studio,vienna,7,129.0,1,stayed
2026-02-05,jonas,suite,prague,1,289.9,5,stayed
2026-02-05,farid,suite,lisbon,1,289.9,2,no_show
2026-02-06,jonas,family,vienna,2,159.0,4,cancelled
2026-02-07,ben,double,lisbon,3,109.5,5,cancelled
2026-02-07,hugo,suite,vienna,3,289.9,2,stayed
2026-02-08,jonas,single,rome,1,79.0,4,cancelled
2026-02-08,ines,double,prague,2,109.5,1,stayed
2026-02-08,carla,twin,lisbon,2,99.0,1,no_show
2026-02-08,greta,suite,rome,5,289.9,3,stayed
2026-02-10,ines,suite,rome,5,289.9,4,stayed
2026-02-11,carla,twin,rome,3,99.0,4,stayed
2026-02-11,ines,suite,prague,2,289.9,4,stayed
2026-02-12,ben,studio,prague,4,129.0,5,no_show
2026-02-13,leo,twin,lisbon,7,99.0,3,stayed
2026-02-14,farid,family,prague,2,159.0,4,stayed
2026-02-14,dmitri,family,rome,2,159.0,4,stayed
2026-02-15,kira,family,prague,2,159.0,5,stayed
2026-02-15,elena,single,lisbon,5,79.0,3,stayed
2026-02-15,carla,suite,paris,4,289.9,4,cancelled
2026-02-15,alice,double,vienna,1,109.5,5,no_show
2026-02-16,farid,twin,prague,1,99.0,3,cancelled
2026-02-17,ben,studio,lisbon,2,129.0,5,stayed
2026-02-18,carla,double,prague,2,109.5,5,cancelled
2026-02-18,dmitri,double,prague,2,109.5,1,stayed
2026-02-19,alice,double,paris,2,109.5,5,no_show
2026-02-20,kira,twin,vienna,2,99.0,4,stayed
2026-02-20,leo,family,vienna,7,159.0,4,stayed
2026-02-21,hugo,family,rome,3,159.0,4,stayed
2026-02-21,farid,family,prague,2,159.0,1,stayed
2026-02-21,greta,double,vienna,1,109.5,5,stayed
2026-02-21,alice,twin,lisbon,2,99.0,5,stayed
2026-02-22,ben,studio,paris,2,129.0,4,cancelled
2026-02-22,dmitri,family,lisbon,1,159.0,4,stayed
2026-02-22,ines,studio,lisbon,2,129.0,5,stayed
2026-02-23,leo,twin,vienna,2,99.0,4,cancelled
2026-02-24,alice,double,rome,5,109.5,4,stayed
2026-02-25,ines,single,lisbon,1,79.0,5,stayed
2026-02-25,dmitri,double,prague,7,109.5,5,stayed
2026-02-25,kira,twin,prague,2,99.0,5,cancelled
2026-02-26,kira,double,vienna,7,109.5,2,no_show
2026-02-26,elena,twin,paris,3,99.0,3,stayed
2026-02-27,ben,studio,vienna,3,129.0,3,stayed
2026-02-27,elena,double,paris,2,109.5,4,stayed
2026-02-27,kira,family,paris,3,159.0,1,stayed
2026-02-28,farid,double,vienna,3,109.5,4,cancelled
2026-02-28,carla,single,paris,3,79.0,3,stayed
2026-02-28,ines,family,prague,4,159.0,1,stayed
2026-03-01,carla,single,prague,1,79.0,4,stayed
2026-03-02,carla,twin,paris,1,99.0,5,stayed
2026-03-02,elena,twin,vienna,5,99.0,4,cancelled
2026-03-03,leo,twin,vienna,2,99.0,5,cancelled
2026-03-03,carla,double,paris,2,109.5,5,stayed
2026-03-03,greta,suite,vienna,1,289.9,4,stayed
2026-03-04,carla,double,lisbon,5,109.5,1,stayed
2026-03-05,hugo,twin,prague,1,99.0,3,cancelled
2026-03-06,farid,studio,lisbon,2,129.0,5,cancelled
2026-03-06,kira,family,vienna,3,159.0,3,stayed
2026-03-07,carla,family,paris,4,159.0,1,stayed
2026-03-07,dmitri,single,rome,3,79.0,2,stayed
2026-03-07,greta,single,rome,2,79.0,5,no_show
2026-03-07,jonas,suite,paris,2,289.9,4,stayed
2026-03-08,elena,twin,paris,2,99.0,5,stayed
2026-03-08,greta,studio,rome,3,129.0,3,stayed
2026-03-08,ines,double,rome,7,109.5,4,stayed
2026-03-08,ben,studio,vienna,1,129.0,5,stayed
2026-03-08,farid,single,prague,7,79.0,5,stayed
2026-03-10,dmitri,family,vienna,4,159.0,3,stayed
2026-03-11,elena,single,vienna,1,79.0,1,stayed
2026-03-11,greta,suite,lisbon,3,289.9,2,stayed
2026-03-12,alice,twin,vienna,2,99.0,2,stayed
2026-03-12,jonas,twin,paris,5,99.0,3,cancelled
2026-03-12,kira,double,vienna,2,109.5,5,stayed
2026-03-13,ben,suite,paris,2,289.9,4,stayed
2026-03-13,hugo,family,rome,5,159.0,2,no_show
2026-03-14,ines,suite,lisbon,3,289.9,2,stayed
2026-03-15,kira,single,lisbon,2,79.0,5,cancelled
2026-03-16,kira,twin,paris,7,99.0,4,stayed
2026-03-16,jonas,studio,lisbon,1,129.0,4,stayed
2026-03-17,alice,studio,paris,2,129.0,1,stayed
2026-03-17,ben,twin,prague,2,99.0,4,cancelled
2026-03-18,farid,studio,rome,3,129.0,3,stayed
2026-03-18,alice,double,lisbon,2,109.5,2,stayed
2026-03-20,kira,twin,vienna,1,99.0,5,stayed
2026-03-20,hugo,family,vienna,4,159.0,3,cancelled
2026-03-20,leo,suite,paris,3,289.9,2,stayed
2026-03-21,ines,single,lisbon,2,79.0,1,stayed
2026-03-21,greta,single,paris,3,79.0,4,cancelled
2026-03-21,hugo,single,lisbon,2,79.0,5,cancelled
2026-03-21,kira,single,paris,1,79.0,3,stayed
2026-03-21,ben,suite,prague,4,289.9,1,cancelled
2026-03-21,leo,family,prague,1,159.0,4,stayed
2026-03-22,ben,single,rome,2,79.0,5,stayed
2026-03-23,dmitri,suite,rome,2,289.9,5,stayed
2026-03-23,ben,studio,rome,3,129.0,5,stayed
2026-03-23,alice,double,rome,2,109.5,3,cancelled
2026-03-24,ben,single,vienna,7,79.0,4,stayed
2026-03-24,farid,twin,prague,2,99.0,4,cancelled
2026-03-24,jonas,studio,paris,2,129.0,5,stayed
2026-03-25,elena,suite,prague,2,289.9,5,stayed
2026-03-25,elena,studio,rome,2,129.0,5,stayed
2026-03-25,carla,double,prague,1,109.5,5,cancelled
2026-03-25,leo,twin,rome,5,99.0,3,cancelled
2026-03-26,greta,family,prague,4,159.0,5,stayed
2026-03-26,ines,suite,prague,3,289.9,5,no_show
2026-03-27,ben,single,lisbon,1,79.0,5,stayed
2026-03-27,jonas,double,vienna,7,109.5,4,stayed
2026-03-27,dmitri,twin,lisbon,2,99.0,3,cancelled
2026-03-27,carla,double,rome,7,109.5,4,stayed
2026-03-29,ines,twin,prague,5,99.0,5,no_show
2026-03-29,jonas,single,prague,2,79.0,5,cancelled
2026-03-29,greta,studio,rome,4,129.0,4,cancelled
2026-03-29,elena,studio,prague,3,129.0,5,stayed
2026-03-30,ines,twin,prague,5,99.0,3,stayed
2026-03-30,elena,single,vienna,5,79.0,5,stayed
2026-03-30,ben,double,rome,2,109.5,5,stayed
2026-04-01,ben,twin,vienna,1,99.0,5,no_show
2026-04-03,carla,double,rome,1,109.5,1,no_show
2026-04-04,ben,twin,lisbon,4,99.0,4,stayed
2026-04-04,leo,family,rome,1,159.0,3,stayed
2026-04-04,leo,twin,prague,4,99.0,4,stayed
2026-04-04,alice,single,prague,2,79.0,4,cancelled
2026-04-04,greta,single,lisbon,2,79.0,5,stayed
2026-04-04,alice,single,lisbon,1,79.0,5,no_show
2026-04-05,elena,single,rome,7,79.0,4,stayed
2026-04-05,greta,twin,rome,7,99.0,3,stayed
2026-04-05,farid,twin,prague,2,99.0,3,stayed
2026-04-06,jonas,twin,vienna,2,99.0,5,cancelled
2026-04-06,alice,suite,paris,2,289.9,3,stayed
2026-04-07,leo,single,vienna,2,79.0,4,stayed
2026-04-07,kira,studio,paris,2,129.0,5,cancelled
2026-04-07,hugo,double,vienna,1,109.5,5,stayed
2026-04-08,greta,double,paris,2,109.5,5,stayed
2026-04-08,greta,family,paris,2,159.0,4,stayed
2026-04-08,ben,single,vienna,2,79.0,3,stayed
2026-04-09,carla,double,rome,2,109.5,4,cancelled
2026-04-09,hugo,double,rome,4,109.5,1,stayed
2026-04-09,farid,family,lisbon,4,159.0,4,stayed
2026-04-09,farid,family,vienna,3,159.0,5,stayed
2026-04-11,hugo,twin,vienna,5,99.0,5,stayed
2026-04-11,jonas,suite,rome,2,289.9,2,stayed
2026-04-12,dmitri,studio,paris,3,129.0,5,stayed
2026-04-12,ines,suite,paris,2,289.9,4,stayed
2026-04-12,greta,single,rome,5,79.0,2,no_show
2026-04-12,dmitri,double,vienna,3,109.5,5,stayed
2026-04-13,leo,family,vienna,2,159.0,1,stayed
2026-04-14,carla,twin,lisbon,5,99.0,5,cancelled
2026-04-14,farid,family,prague,1,159.0,5,cancelled
2026-04-14,carla,family,vienna,5,159.0,5,stayed
2026-04-14,elena,single,paris,3,79.0,5,cancelled
2026-04-14,farid,single,paris,5,79.0,5,stayed
2026-04-16,greta,double,prague,4,109.5,5,cancelled
2026-04-16,ines,double,paris,5,109.5,1,stayed
2026-04-16,kira,single,lisbon,1,79.0,5,cancelled
2026-04-17,dmitri,double,paris,4,109.5,4,stayed
2026-04-18,elena,family,prague,3,159.0,4,stayed
2026-04-18,farid,studio,prague,2,129.0,4,cancelled
2026-04-18,greta,single,rome,2,79.0,3,no_show
2026-04-18,jonas,double,rome,3,109.5,3,cancelled
2026-04-18,leo,twin,rome,3,99.0,5,stayed
2026-04-18,farid,family,paris,2,159.0,2,stayed
2026-04-19,ben,studio,prague,5,129.0,4,cancelled
2026-04-19,hugo,family,prague,2,159.0,4,stayed
2026-04-20,dmitri,single,vienna,2,79.0,4,stayed
2026-04-21,greta,single,rome,4,79.0,5,stayed
2026-04-22,greta,single,paris,3,79.0,5,no_show
2026-04-23,jonas,twin,rome,5,99.0,4,stayed
2026-04-23,ines,single,paris,5,79.0,1,stayed
2026-04-23,hugo,suite,rome,1,289.9,5,cancelled
2026-04-24,elena,double,paris,7,109.5,5,cancelled
2026-04-24,leo,suite,lisbon,1,289.9,2,stayed
2026-04-24,carla,double,paris,5,109.5,4,cancelled
2026-04-26,farid,double,prague,7,109.5,3,stayed
2026-04-26,ines,single,lisbon,1,79.0,3,cancelled
2026-04-26,farid,suite,paris,1,289.9,4,cancelled
2026-04-26,ben,family,vienna,3,159.0,4,cancelled
2026-04-27,farid,single,lisbon,3,79.0,5,stayed
2026-04-28,farid,twin,rome,3,99.0,4,stayed
2026-04-28,carla,single,paris,5,79.0,3,stayed
2026-04-29,jonas,single,paris,1,79.0,4,stayed
2026-04-29,leo,family,vienna,3,159.0,2,stayed
2026-04-29,kira,single,vienna,2,79.0,4,stayed
2026-04-30,ben,studio,prague,5,129.0,4,stayed
2026-04-30,alice,family,rome,5,159.0,5,stayed
2026-04-30,alice,family,rome,7,159.0,5,stayed
2026-05-01,greta,single,vienna,3,79.0,2,stayed
2026-05-01,alice,twin,rome,5,99.0,4,stayed
2026-05-01,leo,twin,lisbon,2,99.0,2,stayed
2026-05-02,kira,suite,prague,2,289.9,2,stayed
2026-05-02,farid,single,lisbon,1,79.0,1,stayed
2026-05-02,alice,twin,rome,7,99.0,4,stayed
2026-05-04,ben,single,lisbon,3,79.0,3,no_show
2026-05-04,kira,twin,lisbon,5,99.0,4,stayed
2026-05-04,ben,double,prague,2,109.5,5,stayed
2026-05-04,hugo,twin,lisbon,2,99.0,5,stayed
2026-05-04,alice,studio,rome,7,129.0,5,cancelled
2026-05-05,kira,suite,vienna,2,289.9,1,stayed
2026-05-05,ben,twin,lisbon,1,99.0,4,cancelled
2026-05-06,elena,suite,prague,2,289.9,2,stayed
2026-05-06,ben,double,rome,2,109.5,3,cancelled
2026-05-06,carla,twin,vienna,3,99.0,4,stayed
2026-05-07,greta,studio,lisbon,5,129.0,2,no_show
2026-05-07,dmitri,double,lisbon,3,109.5,3,no_show
2026-05-08,jonas,single,paris,7,79.0,5,stayed
2026-05-08,leo,single,prague,1,79.0,4,cancelled
2026-05-08,elena,suite,paris,2,289.9,1,stayed
2026-05-08,leo,double,prague,4,109.5,1,stayed
2026-05-08,greta,double,rome,2,109.5,2,stayed
2026-05-09,kira,double,lisbon,2,109.5,5,cancelled
2026-05-09,dmitri,family,vienna,7,159.0,1,stayed
2026-05-10,farid,family,vienna,7,159.0,1,no_show
2026-05-11,elena,single,lisbon,1,79.0,3,cancelled
2026-05-11,hugo,family,paris,5,159.0,3,cancelled
2026-05-11,farid,twin,rome,1,99.0,4,stayed
2026-05-12,hugo,family,rome,1,159.0,5,no_show
2026-05-12,leo,twin,vienna,2,99.0,5,stayed
2026-05-12,greta,double,paris,1,109.5,1,stayed
2026-05-12,elena,suite,lisbon,3,289.9,4,stayed
2026-05-13,alice,double,prague,2,109.5,4,no_show
2026-05-13,leo,double,rome,7,109.5,1,stayed
2026-05-13,carla,single,paris,1,79.0,2,stayed
2026-05-14,farid,family,vienna,3,159.0,5,stayed
2026-05-14,carla,single,paris,5,79.0,5,stayed
2026-05-14,kira,twin,lisbon,4,99.0,4,no_show
2026-05-15,farid,family,paris,2,159.0,5,stayed
2026-05-15,hugo,family,rome,2,159.0,5,stayed
2026-05-15,carla,family,paris,3,159.0,4,stayed
2026-05-15,carla,suite,vienna,7,289.9,2,stayed
2026-05-16,greta,studio,paris,3,129.0,5,cancelled
2026-05-16,greta,family,rome,3,159.0,4,stayed
2026-05-16,kira,single,vienna,4,79.0,4,stayed
2026-05-16,alice,twin,rome,5,99.0,5,stayed
2026-05-18,alice,single,prague,3,79.0,2,stayed
2026-05-18,leo,twin,lisbon,3,99.0,3,stayed
2026-05-18,ben,double,paris,2,109.5,5,stayed
2026-05-18,dmitri,twin,paris,2,99.0,5,stayed
2026-05-18,ben,twin,vienna,3,99.0,5,stayed
2026-05-18,carla,twin,paris,2,99.0,4,stayed
2026-05-18,elena,double,lisbon,2,109.5,4,stayed
2026-05-19,kira,family,paris,5,159.0,5,cancelled
2026-05-19,leo,family,lisbon,3,159.0,5,stayed
2026-05-19,greta,double,vienna,1,109.5,1,stayed
2026-05-20,leo,family,rome,2,159.0,5,stayed
2026-05-21,dmitri,twin,lisbon,7,99.0,3,stayed
2026-05-21,carla,double,vienna,2,109.5,5,stayed
2026-05-21,ben,single,prague,1,79.0,4,no_show
2026-05-23,elena,single,vienna,1,79.0,5,stayed
2026-05-24,hugo,family,vienna,5,159.0,4,stayed
2026-05-24,kira,family,prague,7,159.0,2,stayed
2026-05-24,kira,twin,rome,5,99.0,4,stayed
2026-05-24,ines,suite,paris,1,289.9,4,no_show
2026-05-24,carla,single,vienna,5,79.0,5,stayed
2026-05-24,jonas,twin,paris,4,99.0,1,stayed
2026-05-25,farid,studio,vienna,5,129.0,3,cancelled
2026-05-25,hugo,twin,lisbon,4,99.0,5,stayed
2026-05-25,carla,double,prague,3,109.5,3,stayed
2026-05-25,ben,single,rome,3,79.0,4,stayed
2026-05-26,kira,double,prague,7,109.5,4,stayed
2026-05-29,leo,family,paris,2,159.0,5,stayed
2026-05-29,alice,single,rome,4,79.0,2,cancelled
2026-05-29,kira,suite,paris,1,289.9,5,stayed
2026-05-30,carla,double,lisbon,3,109.5,5,stayed
2026-06-01,ben,twin,rome,1,99.0,5,stayed
2026-06-01,ben,single,prague,1,79.0,5,cancelled
2026-06-02,ines,double,paris,4,109.5,1,stayed
2026-06-03,leo,double,vienna,7,109.5,4,stayed
2026-06-03,elena,twin,rome,3,99.0,2,stayed
2026-06-04,kira,family,prague,1,159.0,1,no_show
2026-06-04,farid,twin,rome,2,99.0,4,cancelled
2026-06-04,leo,double,paris,1,109.5,5,stayed
2026-06-05,ben,single,paris,1,79.0,2,no_show
2026-06-05,hugo,single,prague,7,79.0,5,no_show
2026-06-06,dmitri,family,lisbon,2,159.0,4,stayed
2026-06-06,jonas,suite,rome,2,289.9,5,no_show
2026-06-06,dmitri,twin,paris,2,99.0,5,stayed
2026-06-06,greta,family,paris,2,159.0,2,cancelled
2026-06-07,kira,studio,rome,7,129.0,1,cancelled
2026-06-09,ben,double,rome,2,109.5,3,stayed
2026-06-09,alice,family,vienna,7,159.0,5,no_show
2026-06-09,farid,twin,rome,4,99.0,5,stayed
2026-06-10,alice,double,vienna,5,109.5,5,stayed
2026-06-10,kira,twin,vienna,3,99.0,4,stayed
2026-06-10,greta,studio,prague,7,129.0,2,stayed
2026-06-11,hugo,single,prague,1,79.0,4,stayed
2026-06-11,elena,double,lisbon,3,109.5,1,stayed
2026-06-12,farid,suite,prague,2,289.9,2,stayed
2026-06-13,jonas,twin,paris,2,99.0,4,no_show
2026-06-14,hugo,double,vienna,7,109.5,5,no_show
2026-06-14,alice,suite,vienna,3,289.9,4,stayed
2026-06-15,dmitri,double,rome,3,109.5,5,stayed
2026-06-16,ines,twin,rome,4,99.0,5,stayed
2026-06-17,kira,suite,lisbon,1,289.9,4,stayed
2026-06-17,carla,studio,paris,3,129.0,4,cancelled
2026-06-18,hugo,twin,vienna,2,99.0,5,stayed
2026-06-18,dmitri,single,paris,4,79.0,5,stayed
2026-06-19,jonas,double,paris,2,109.5,5,cancelled
2026-06-19,jonas,double,prague,1,109.5,4,stayed
2026-06-20,greta,double,vienna,7,109.5,4,stayed
2026-06-20,dmitri,double,lisbon,2,109.5,2,stayed
2026-06-20,greta,family,rome,2,159.0,4,stayed
2026-06-21,alice,suite,lisbon,3,289.9,4,stayed
2026-06-21,kira,single,rome,4,79.0,2,stayed
2026-06-22,elena,double,lisbon,1,109.5,4,stayed
2026-06-22,carla,twin,vienna,4,99.0,2,cancelled
2026-06-23,leo,single,lisbon,7,79.0,5,stayed
2026-06-24,dmitri,twin,rome,5,99.0,1,no_show
2026-06-24,jonas,single,vienna,4,79.0,2,stayed
2026-06-25,carla,twin,vienna,2,99.0,5,no_show
2026-06-25,elena,single,lisbon,3,79.0,4,stayed
2026-06-25,greta,family,paris,3,159.0,5,stayed
2026-06-25,leo,suite,prague,7,289.9,4,stayed
2026-06-25,carla,family,lisbon,2,159.0,5,stayed
2026-06-25,greta,suite,vienna,7,289.9,5,stayed
2026-06-25,ines,double,prague,1,109.5,5,stayed
2026-06-25,ines,single,rome,4,79.0,4,stayed
2026-06-26,farid,suite,lisbon,3,289.9,2,cancelled
2026-06-26,leo,studio,vienna,3,129.0,5,stayed
2026-06-27,farid,suite,lisbon,2,289.9,1,stayed
2026-06-28,jonas,studio,lisbon,4,129.0,2,stayed
2026-06-29,farid,twin,lisbon,7,99.0,4,stayed
