exam_date,student,class,subject,credits,score,result
2026-01-01,xena,yellow,biology,3,41,failed
2026-01-01,paul,yellow,art,1,64,passed
2026-01-02,rosa,blue,physics,3,45,failed
2026-01-02,vera,blue,art,1,86,passed
2026-01-03,paul,yellow,history,2,66,passed
2026-01-03,olga,green,physics,3,32,failed
2026-01-04,ugo,red,biology,3,87,passed
2026-01-04,xena,yellow,chemistry,3,82,passed
2026-01-05,olga,green,math,4,47,failed
2026-01-05,paul,yellow,math,4,0,absent
2026-01-05,olga,green,physics,3,33,failed
2026-01-05,vera,blue,physics,3,66,passed
2026-01-06,vera,blue,chemistry,3,95,passed
2026-01-07,quinn,red,art,1,56,passed
2026-01-07,ugo,red,physics,3,37,failed
2026-01-08,quinn,red,math,4,100,passed
2026-01-08,paul,yellow,math,4,86,passed
2026-01-08,xena,yellow,chemistry,3,85,passed
2026-01-10,zoe,blue,physics,3,66,passed
2026-01-10,will,green,physics,3,57,passed
2026-01-10,xena,yellow,art,1,67,passed
2026-01-11,tara,yellow,history,2,74,passed
2026-01-11,noah,blue,art,1,91,passed
2026-01-11,rosa,blue,art,1,82,passed
2026-01-12,sam,green,math,4,70,passed
2026-01-12,tara,yellow,math,4,62,passed
2026-01-12,mia,red,biology,3,100,passed
2026-01-12,ugo,red,chemistry,3,40,failed
2026-01-12,ugo,red,biology,3,68,passed
2026-01-12,ugo,red,chemistry,3,36,failed
2026-01-13,quinn,red,physics,3,66,passed
2026-01-13,zoe,blue,biology,3,68,passed
2026-01-13,olga,green,chemistry,3,33,failed
2026-01-14,paul,yellow,biology,3,83,passed
2026-01-14,sam,green,math,4,0,absent
2026-01-14,paul,yellow,physics,3,35,failed
2026-01-14,yuri,red,history,2,45,failed
2026-01-15,noah,blue,art,1,92,passed
2026-01-15,olga,green,chemistry,3,41,failed
2026-01-15,will,green,history,2,0,absent
2026-01-16,will,green,biology,3,46,failed
2026-01-17,noah,blue,art,1,96,passed
2026-01-17,noah,blue,chemistry,3,67,passed
2026-01-18,olga,green,history,2,59,passed
2026-01-18,vera,blue,physics,3,71,passed
2026-01-20,vera,blue,math,4,33,failed
2026-01-21,vera,blue,art,1,76,passed
2026-01-21,paul,yellow,biology,3,97,passed
2026-01-22,yuri,red,physics,3,64,passed
2026-01-23,zoe,blue,physics,3,0,absent
2026-01-24,paul,yellow,history,2,48,failed
2026-01-25,paul,yellow,art,1,0,absent
2026-01-25,mia,red,math,4,37,failed
2026-01-25,xena,yellow,physics,3,49,failed
2026-01-26,vera,blue,biology,3,74,passed
2026-01-26,sam,green,art,1,88,passed
2026-01-27,olga,green,chemistry,3,60,passed
2026-01-28,mia,red,chemistry,3,33,failed
2026-01-29,quinn,red,history,2,100,passed
2026-01-30,tara,yellow,chemistry,3,46,failed
2026-01-31,xena,yellow,history,2,72,passed
2026-02-01,quinn,red,history,2,81,passed
2026-02-01,will,green,physics,3,82,passed
2026-02-02,tara,yellow,history,2,53,passed
2026-02-02,rosa,blue,biology,3,15,failed
2026-02-02,will,green,biology,3,91,passed
2026-02-04,rosa,blue,chemistry,3,50,passed
2026-02-04,rosa,blue,art,1,95,passed
2026-02-05,zoe,blue,art,1,71,passed
2026-02-05,vera,blue,art,1,92,passed
2026-02-06,vera,blue,physics,3,0,absent
2026-02-06,paul,yellow,art,1,87,passed
2026-02-07,ugo,red,chemistry,3,83,passed
2026-02-08,sam,green,math,4,55,passed
2026-02-09,noah,blue,history,2,55,passed
2026-02-09,rosa,blue,biology,3,64,passed
2026-02-09,rosa,blue,art,1,0,absent
2026-02-09,zoe,blue,physics,3,36,failed
2026-02-10,sam,green,physics,3,70,passed
2026-02-11,quinn,red,chemistry,3,73,passed
2026-02-11,ugo,red,math,4,0,absent
2026-02-11,paul,yellow,biology,3,48,failed
2026-02-11,vera,blue,art,1,75,passed
2026-02-13,rosa,blue,art,1,90,passed
2026-02-13,xena,yellow,biology,3,43,failed
2026-02-13,tara,yellow,physics,3,58,passed
2026-02-13,paul,yellow,biology,3,70,passed
2026-02-13,sam,green,math,4,31,failed
2026-02-13,xena,yellow,physics,3,88,passed
2026-02-13,quinn,red,math,4,59,passed
2026-02-14,will,green,history,2,48,failed
2026-02-15,noah,blue,biology,3,57,passed
2026-02-15,noah,blue,math,4,62,passed
2026-02-15,olga,green,chemistry,3,57,passed
2026-02-16,mia,red,math,4,61,passed
2026-02-17,quinn,red,history,2,52,passed
2026-02-17,paul,yellow,chemistry,3,53,passed
2026-02-17,olga,green,physics,3,54,passed
2026-02-17,vera,blue,math,4,55,passed
2026-02-18,ugo,red,art,1,63,passed
2026-02-18,quinn,red,math,4,0,absent
2026-02-18,tara,yellow,math,4,64,passed
2026-02-19,olga,green,biology,3,72,passed
2026-02-19,xena,yellow,physics,3,88,passed
2026-02-19,sam,green,history,2,70,passed
2026-02-20,mia,red,math,4,72,passed
2026-02-20,tara,yellow,physics,3,57,passed
2026-02-22,quinn,red,biology,3,76,passed
2026-02-22,rosa,blue,art,1,70,passed
2026-02-22,quinn,red,chemistry,3,52,passed
2026-02-23,paul,yellow,math,4,78,passed
2026-02-23,sam,green,chemistry,3,23,failed
2026-02-24,ugo,red,biology,3,93,passed
2026-02-24,rosa,blue,math,4,89,passed
2026-02-25,sam,green,biology,3,85,passed
2026-02-26,yuri,red,physics,3,0,absent
2026-02-26,zoe,blue,biology,3,81,passed
2026-02-27,will,green,physics,3,22,failed
2026-02-27,mia,red,biology,3,71,passed
2026-02-27,xena,yellow,biology,3,71,passed
2026-03-01,olga,green,chemistry,3,84,passed
2026-03-02,tara,yellow,biology,3,99,passed
2026-03-02,rosa,blue,math,4,62,passed
2026-03-02,paul,yellow,math,4,67,passed
2026-03-02,rosa,blue,physics,3,51,passed
2026-03-02,noah,blue,biology,3,79,passed
2026-03-03,yuri,red,history,2,93,passed
2026-03-03,ugo,red,art,1,100,passed
2026-03-03,olga,green,physics,3,37,failed
2026-03-05,quinn,red,history,2,66,passed
2026-03-05,will,green,art,1,0,absent
2026-03-05,mia,red,physics,3,67,passed
2026-03-06,paul,yellow,physics,3,32,failed
2026-03-06,paul,yellow,physics,3,48,failed
2026-03-06,olga,green,chemistry,3,33,failed
2026-03-06,sam,green,art,1,83,passed
2026-03-06,vera,blue,art,1,75,passed
2026-03-07,olga,green,chemistry,3,11,failed
2026-03-07,mia,red,math,4,73,passed
2026-03-07,sam,green,chemistry,3,46,failed
2026-03-08,olga,green,physics,3,58,passed
2026-03-08,sam,green,art,1,58,passed
2026-03-08,yuri,red,physics,3,55,passed
2026-03-08,tara,yellow,history,2,55,passed
2026-03-09,vera,blue,math,4,62,passed
2026-03-09,quinn,red,chemistry,3,63,passed
2026-03-10,sam,green,art,1,69,passed
2026-03-10,olga,green,biology,3,60,passed
2026-03-10,zoe,blue,art,1,62,passed
2026-03-11,will,green,art,1,56,passed
2026-03-11,ugo,red,history,2,97,passed
2026-03-12,quinn,red,math,4,46,failed
2026-03-12,ugo,red,physics,3,34,failed
2026-03-14,xena,yellow,biology,3,75,passed
2026-03-14,tara,yellow,history,2,65,passed
2026-03-14,xena,yellow,history,2,60,passed
2026-03-14,tara,yellow,art,1,74,passed
2026-03-15,ugo,red,history,2,25,failed
2026-03-16,paul,yellow,art,1,46,failed
2026-03-16,yuri,red,biology,3,74,passed
2026-03-16,xena,yellow,history,2,0,absent
2026-03-16,paul,yellow,art,1,89,passed
2026-03-17,will,green,chemistry,3,83,passed
2026-03-17,xena,yellow,physics,3,51,passed
2026-03-17,vera,blue,math,4,56,passed
2026-03-18,yuri,red,history,2,52,passed
2026-03-18,paul,yellow,physics,3,60,passed
2026-03-18,quinn,red,history,2,59,passed
2026-03-19,sam,green,physics,3,72,passed
2026-03-19,sam,green,biology,3,54,passed
2026-03-20,xena,yellow,chemistry,3,53,passed
2026-03-20,zoe,blue,biology,3,81,passed
2026-03-20,quinn,red,history,2,46,failed
2026-03-20,will,green,math,4,99,passed
2026-03-20,sam,green,art,1,45,failed
2026-03-21,sam,green,biology,3,62,passed
2026-03-22,tara,yellow,physics,3,0,absent
2026-03-23,noah,blue,art,1,81,passed
2026-03-23,vera,blue,history,2,48,failed
2026-03-24,zoe,blue,history,2,63,passed
2026-03-25,paul,yellow,math,4,54,passed
2026-03-25,sam,green,history,2,63,passed
2026-03-25,will,green,physics,3,46,failed
2026-03-26,vera,blue,math,4,66,passed
2026-03-26,quinn,red,math,4,53,passed
2026-03-26,vera,blue,math,4,64,passed
2026-03-26,rosa,blue,chemistry,3,55,passed
2026-03-26,noah,blue,history,2,91,passed
2026-03-26,olga,green,art,1,77,passed
2026-03-27,xena,yellow,biology,3,71,passed
2026-03-29,xena,yellow,math,4,68,passed
2026-03-29,zoe,blue,math,4,89,passed
2026-03-29,paul,yellow,biology,3,66,passed
2026-03-30,will,green,math,4,74,passed
2026-03-30,quinn,red,art,1,61,passed
2026-03-30,yuri,red,chemistry,3,35,failed
2026-03-30,rosa,blue,history,2,77,passed
2026-03-31,mia,red,history,2,76,passed
2026-03-31,tara,yellow,physics,3,83,passed
2026-03-31,sam,green,physics,3,0,absent
2026-04-01,ugo,red,biology,3,84,passed
2026-04-01,xena,yellow,math,4,46,failed
2026-04-02,ugo,red,art,1,76,passed
2026-04-03,vera,blue,art,1,84,passed
2026-04-04,ugo,red,art,1,58,passed
2026-04-04,tara,yellow,math,4,65,passed
2026-04-04,tara,yellow,history,2,30,failed
2026-04-04,vera,blue,physics,3,43,failed
2026-04-06,mia,red,art,1,74,passed
2026-04-06,vera,blue,math,4,66,passed
2026-04-07,ugo,red,art,1,87,passed
2026-04-07,zoe,blue,chemistry,3,46,failed
2026-04-09,rosa,blue,physics,3,29,failed
2026-04-09,yuri,red,math,4,69,passed
2026-04-09,yuri,red,physics,3,30,failed
2026-04-10,paul,yellow,history,2,72,passed
2026-04-11,sam,green,math,4,47,failed
2026-04-11,olga,green,math,4,70,passed
2026-04-12,quinn,red,art,1,75,passed
2026-04-12,olga,green,physics,3,65,passed
2026-04-13,paul,yellow,art,1,0,absent
2026-04-13,sam,green,biology,3,41,failed
2026-04-13,ugo,red,history,2,67,passed
2026-04-15,will,green,math,4,69,passed
2026-04-15,paul,yellow,art,1,98,passed
2026-04-15,rosa,blue,biology,3,41,failed
2026-04-15,yuri,red,art,1,91,passed
2026-04-16,xena,yellow,physics,3,73,passed
2026-04-17,paul,yellow,chemistry,3,25,failed
2026-04-17,mia,red,chemistry,3,38,failed
2026-04-17,noah,blue,physics,3,38,failed
2026-04-17,ugo,red,art,1,65,passed
2026-04-18,rosa,blue,art,1,77,passed
2026-04-19,xena,yellow,history,2,99,passed
2026-04-19,xena,yellow,physics,3,62,passed
2026-04-19,yuri,red,history,2,65,passed
2026-04-20,mia,red,biology,3,48,failed
2026-04-20,noah,blue,chemistry,3,76,passed
2026-04-21,vera,blue,art,1,100,passed
2026-04-21,olga,green,art,1,68,passed
2026-04-21,rosa,blue,biology,3,73,passed
2026-04-22,mia,red,chemistry,3,52,passed
2026-04-23,will,green,physics,3,42,failed
2026-04-23,tara,yellow,biology,3,64,passed
2026-04-24,will,green,art,1,74,passed
2026-04-24,sam,green,physics,3,83,passed
2026-04-24,quinn,red,math,4,73,passed
2026-04-24,xena,yellow,art,1,94,passed
2026-04-25,quinn,red,math,4,43,failed
2026-04-25,noah,blue,chemistry,3,62,passed
2026-04-26,yuri,red,art,1,49,failed
2026-04-26,paul,yellow,chemistry,3,50,passed
2026-04-26,yuri,red,chemistry,3,28,failed
2026-04-26,zoe,blue,physics,3,23,failed
2026-04-28,quinn,red,art,1,100,passed
2026-04-28,noah,blue,chemistry,3,46,failed
2026-04-28,ugo,red,physics,3,29,failed
2026-04-28,will,green,history,2,71,passed
2026-04-29,paul,yellow,chemistry,3,75,passed
2026-04-29,mia,red,biology,3,45,failed
2026-04-29,sam,green,history,2,57,passed
2026-04-29,mia,red,art,1,77,passed
2026-04-30,paul,yellow,biology,3,94,passed
2026-04-30,noah,blue,history,2,29,failed
2026-04-30,olga,green,math,4,100,passed
2026-05-01,olga,green,biology,3,84,passed
2026-05-01,tara,yellow,biology,3,63,passed
2026-05-02,rosa,blue,physics,3,76,passed
2026-05-03,paul,yellow,chemistry,3,49,failed
2026-05-03,quinn,red,biology,3,26,failed
2026-05-04,zoe,blue,history,2,96,passed
2026-05-04,mia,red,biology,3,76,passed
2026-05-04,quinn,red,physics,3,62,passed
2026-05-05,noah,blue,history,2,95,passed
2026-05-06,noah,blue,math,4,61,passed
2026-05-06,olga,green,art,1,66,passed
2026-05-06,mia,red,math,4,50,passed
2026-05-06,will,green,biology,3,0,absent
2026-05-06,xena,yellow,art,1,46,failed
2026-05-06,noah,blue,physics,3,43,failed
2026-05-07,sam,green,physics,3,34,failed
2026-05-08,olga,green,chemistry,3,38,failed
2026-05-09,quinn,red,art,1,93,passed
2026-05-09,noah,blue,history,2,88,passed
2026-05-10,tara,yellow,biology,3,48,failed
2026-05-10,sam,green,biology,3,82,passed
2026-05-11,vera,blue,chemistry,3,72,passed
2026-05-11,will,green,history,2,53,passed
2026-05-11,rosa,blue,art,1,73,passed
2026-05-12,xena,yellow,math,4,40,failed
2026-05-12,paul,yellow,history,2,95,passed
2026-05-13,mia,red,physics,3,0,absent
2026-05-13,quinn,red,math,4,38,failed
2026-05-14,olga,green,math,4,42,failed
2026-05-14,sam,green,art,1,69,passed
2026-05-14,quinn,red,chemistry,3,25,failed
2026-05-14,quinn,red,biology,3,76,passed
2026-05-15,olga,green,chemistry,3,0,absent
2026-05-15,tara,yellow,biology,3,94,passed
2026-05-15,olga,green,art,1,75,passed
2026-05-15,quinn,red,chemistry,3,60,passed
2026-05-16,sam,green,history,2,84,passed
2026-05-16,zoe,blue,art,1,49,failed
2026-05-16,mia,red,math,4,32,failed
2026-05-17,rosa,blue,physics,3,50,passed
2026-05-17,vera,blue,art,1,0,absent
2026-05-17,noah,blue,biology,3,70,passed
2026-05-17,paul,yellow,chemistry,3,41,failed
2026-05-17,olga,green,history,2,95,passed
2026-05-20,noah,blue,physics,3,32,failed
2026-05-20,quinn,red,chemistry,3,43,failed
2026-05-20,olga,green,physics,3,94,passed
2026-05-20,olga,green,biology,3,52,passed
2026-05-20,will,green,physics,3,65,passed
2026-05-20,quinn,red,history,2,72,passed
2026-05-21,yuri,red,history,2,70,passed
2026-05-21,rosa,blue,biology,3,70,passed
2026-05-22,vera,blue,math,4,51,passed
2026-05-22,rosa,blue,art,1,87,passed
2026-05-23,paul,yellow,physics,3,38,failed
2026-05-23,xena,yellow,physics,3,47,failed
2026-05-23,zoe,blue,physics,3,57,passed
2026-05-24,will,green,physics,3,68,passed
2026-05-24,olga,green,history,2,87,passed
2026-05-24,olga,green,math,4,32,failed
2026-05-25,xena,yellow,biology,3,51,passed
2026-05-26,zoe,blue,math,4,48,failed
2026-05-27,rosa,blue,art,1,64,passed
2026-05-27,paul,yellow,chemistry,3,38,failed
2026-05-28,rosa,blue,art,1,71,passed
2026-05-28,noah,blue,math,4,70,passed
2026-05-28,xena,yellow,math,4,47,failed
2026-05-29,sam,green,history,2,65,passed
2026-05-29,yuri,red,art,1,74,passed
2026-05-29,mia,red,biology,3,65,passed
2026-05-30,quinn,red,math,4,75,passed
2026-05-30,xena,yellow,biology,3,64,passed
2026-05-31,quinn,red,art,1,86,passed
2026-05-31,xena,yellow,math,4,52,passed
2026-05-31,zoe,blue,chemistry,3,17,failed
2026-06-01,paul,yellow,history,2,55,passed
2026-06-02,olga,green,math,4,52,passed
2026-06-03,olga,green,physics,3,71,passed
2026-06-03,sam,green,math,4,35,failed
2026-06-04,quinn,red,physics,3,57,passed
2026-06-05,vera,blue,art,1,100,passed
2026-06-05,vera,blue,biology,3,0,absent
2026-06-06,quinn,red,chemistry,3,72,passed
2026-06-06,tara,yellow,math,4,52,passed
2026-06-07,yuri,red,history,2,81,passed
2026-06-07,noah,blue,biology,3,71,passed
2026-06-07,olga,green,art,1,100,passed
2026-06-08,mia,red,chemistry,3,37,failed
2026-06-08,sam,green,math,4,27,failed
2026-06-08,tara,yellow,biology,3,52,passed
2026-06-09,mia,red,chemistry,3,0,absent
2026-06-09,quinn,red,history,2,74,passed
2026-06-09,tara,yellow,history,2,39,failed
2026-06-09,zoe,blue,history,2,80,passed
2026-06-10,noah,blue,art,1,77,passed
2026-06-11,xena,yellow,physics,3,53,passed
2026-06-11,zoe,blue,art,1,100,passed
2026-06-11,paul,yellow,chemistry,3,59,passed
2026-06-11,zoe,blue,biology,3,60,passed
2026-06-12,will,green,history,2,52,passed
2026-06-12,ugo,red,art,1,90,passed
2026-06-13,tara,yellow,biology,3,77,passed
2026-06-13,ugo,red,math,4,39,failed
2026-06-13,quinn,red,history,2,56,passed
2026-06-14,will,green,art,1,98,passed
2026-06-16,rosa,blue,art,1,58,passed
2026-06-17,will,green,math,4,52,passed
2026-06-17,vera,blue,art,1,70,passed
2026-06-17,noah,blue,biology,3,42,failed
2026-06-18,yuri,red,history,2,77,passed
2026-06-19,yuri,red,biology,3,52,passed
2026-06-19,ugo,red,math,4,71,passed
2026-06-19,will,green,chemistry,3,28,failed
2026-06-21,tara,yellow,history,2,77,passed
2026-06-21,yuri,red,physics,3,27,failed
2026-06-22,olga,green,biology,3,62,passed
2026-06-23,vera,blue,chemistry,3,40,failed
2026-06-24,zoe,blue,history,2,90,passed
2026-06-24,sam,green,physics,3,45,failed
2026-06-24,zoe,blue,history,2,64,passed
2026-06-24,xena,yellow,physics,3,64,passed
2026-06-24,vera,blue,history,2,48,failed
2026-06-25,mia,red,art,1,93,passed
2026-06-25,olga,green,math,4,79,passed
2026-06-25,yuri,red,math,4,39,failed
2026-06-27,ugo,red,art,1,89,passed
2026-06-28,quinn,red,history,2,77,passed
2026-06-28,zoe,blue,physics,3,67,passed
2026-06-28,ugo,red,math,4,100,passed
2026-06-29,paul,yellow,biology,3,0,absent
2026-06-29,olga,green,physics,3,35,failed
2026-06-30,yuri,red,chemistry,3,37,failed
2026-06-30,mia,red,art,1,46,failed
2026-06-30,vera,blue,biology,3,65,passed
2026-06-30,olga,green,biology,3,96,passed
