sent,client,item,region,units,unit_cost,weight,result
2026-01-01,delta,parcel,east,1,6.5,1.2,delivered
2026-01-01,acme,drum,north,10,34.9,140.6,delivered
2026-01-02,everest,parcel,east,15,6.5,16.8,delivered
2026-01-02,falcon,crate,east,4,12.0,24.9,delivered
2026-01-02,harbor,parcel,east,15,6.5,16.8,lost
2026-01-02,granite,pallet,east,5,18.5,55.8,delivered
2026-01-02,delta,crate,east,5,12.0,34.5,delivered
2026-01-03,iris,tank,east,12,140.0,648.8,delivered
2026-01-03,everest,crate,east,2,12.0,12.4,delivered
2026-01-04,falcon,bundle,north,3,9.9,10.8,delivered
2026-01-05,falcon,bundle,west,6,9.9,22.0,delivered
2026-01-06,juno,bundle,north,12,9.9,39.7,delivered
2026-01-06,falcon,bundle,west,6,9.9,18.9,delivered
2026-01-06,everest,roll,central,6,22.0,51.7,delivered
2026-01-06,falcon,drum,north,20,34.9,263.9,delivered
2026-01-07,falcon,bundle,central,10,9.9,34.1,delivered
2026-01-07,falcon,drum,east,3,34.9,43.0,returned
2026-01-07,falcon,drum,west,8,34.9,106.6,delivered
2026-01-08,everest,tank,north,12,140.0,716.1,delivered
2026-01-08,harbor,crate,north,1,12.0,5.9,delivered
2026-01-08,iris,drum,east,4,34.9,53.4,delivered
2026-01-08,cobalt,parcel,east,20,6.5,23.4,delivered
2026-01-09,harbor,parcel,west,3,6.5,3.7,delivered
2026-01-09,everest,carton,central,8,4.25,17.0,delivered
2026-01-11,acme,tank,east,12,140.0,706.6,returned
2026-01-12,cobalt,carton,east,8,4.25,15.3,lost
2026-01-13,delta,carton,west,10,4.25,21.2,delivered
2026-01-14,harbor,roll,north,8,22.0,70.8,delivered
2026-01-14,cobalt,drum,north,8,34.9,115.7,delivered
2026-01-14,falcon,tank,south,2,140.0,110.5,delivered
2026-01-15,harbor,carton,north,4,4.25,8.1,delivered
2026-01-16,borealis,drum,west,20,34.9,295.7,returned
2026-01-17,granite,drum,south,3,34.9,38.5,delivered
2026-01-17,everest,bundle,east,2,9.9,7.4,delivered
2026-01-17,falcon,parcel,south,2,6.5,2.6,delivered
2026-01-17,delta,tank,east,15,140.0,884.0,delivered
2026-01-18,iris,pallet,south,20,18.5,213.6,delivered
2026-01-18,granite,drum,west,12,34.9,178.4,delivered
2026-01-18,cobalt,tank,north,5,140.0,277.8,delivered
2026-01-18,delta,drum,central,12,34.9,161.4,delivered
2026-01-19,falcon,crate,west,4,12.0,27.0,delivered
2026-01-19,delta,drum,north,8,34.9,105.7,delivered
2026-01-19,everest,drum,east,5,34.9,65.9,delivered
2026-01-20,everest,bundle,east,2,9.9,6.8,delivered
2026-01-21,granite,bundle,south,5,9.9,17.2,returned
2026-01-24,falcon,bundle,north,3,9.9,10.4,delivered
2026-01-24,delta,carton,north,2,4.25,3.9,delivered
2026-01-24,delta,crate,east,4,12.0,23.6,returned
2026-01-26,iris,parcel,north,10,6.5,12.4,returned
2026-01-27,iris,roll,north,20,22.0,187.4,delivered
2026-01-27,juno,bundle,central,2,9.9,6.4,returned
2026-01-27,borealis,parcel,south,8,6.5,10.5,returned
2026-01-28,falcon,roll,west,1,22.0,8.3,delivered
2026-01-28,iris,crate,east,2,12.0,13.3,delivered
2026-01-28,acme,bundle,east,20,9.9,63.4,lost
2026-01-28,cobalt,pallet,central,4,18.5,43.6,delivered
2026-01-28,harbor,tank,west,12,140.0,709.6,delivered
2026-01-29,acme,bundle,east,15,9.9,51.6,delivered
2026-01-29,cobalt,drum,south,8,34.9,123.2,delivered
2026-01-29,falcon,crate,east,12,12.0,80.4,delivered
2026-01-29,falcon,crate,west,3,12.0,21.0,delivered
2026-01-31,borealis,roll,west,1,22.0,7.9,delivered
2026-01-31,falcon,carton,east,10,4.25,18.9,delivered
2026-02-01,iris,pallet,south,1,18.5,10.8,delivered
2026-02-01,acme,crate,west,6,12.0,42.8,delivered
2026-02-01,granite,pallet,west,1,18.5,10.9,lost
2026-02-02,everest,roll,north,3,22.0,28.2,delivered
2026-02-02,delta,roll,central,4,22.0,32.4,delivered
2026-02-04,juno,parcel,south,20,6.5,24.1,delivered
2026-02-04,harbor,carton,east,3,4.25,6.9,delivered
2026-02-04,delta,crate,south,3,12.0,20.7,delivered
2026-02-05,everest,tank,central,4,140.0,210.2,delivered
2026-02-05,acme,bundle,east,12,9.9,44.4,delivered
2026-02-06,borealis,pallet,central,2,18.5,20.5,delivered
2026-02-06,juno,roll,east,3,22.0,27.9,delivered
2026-02-06,acme,drum,east,10,34.9,126.8,lost
2026-02-06,iris,crate,central,20,12.0,133.8,delivered
2026-02-07,granite,crate,west,15,12.0,95.0,delivered
2026-02-07,everest,parcel,west,1,6.5,1.2,delivered
2026-02-08,acme,bundle,central,8,9.9,26.9,delivered
2026-02-08,falcon,carton,south,20,4.25,39.7,delivered
2026-02-10,borealis,carton,west,3,4.25,6.4,delivered
2026-02-10,harbor,drum,east,10,34.9,139.3,returned
2026-02-11,delta,drum,east,4,34.9,60.8,lost
2026-02-11,harbor,crate,north,5,12.0,33.6,delivered
2026-02-11,granite,parcel,east,4,6.5,4.4,delivered
2026-02-11,borealis,parcel,north,8,6.5,9.7,delivered
2026-02-11,cobalt,tank,north,5,140.0,259.7,delivered
2026-02-11,falcon,drum,south,4,34.9,54.9,delivered
2026-02-12,harbor,carton,central,4,4.25,8.2,delivered
2026-02-12,acme,roll,south,4,22.0,38.7,delivered
2026-02-13,acme,bundle,east,15,9.9,48.5,delivered
2026-02-14,juno,carton,west,2,4.25,4.5,lost
2026-02-14,falcon,carton,west,10,4.25,22.0,delivered
2026-02-15,acme,tank,south,6,140.0,329.2,delivered
2026-02-15,iris,tank,west,10,140.0,559.1,delivered
2026-02-16,everest,tank,north,1,140.0,57.4,delivered
2026-02-17,iris,parcel,east,12,6.5,14.0,delivered
2026-02-17,borealis,parcel,north,20,6.5,23.5,delivered
2026-02-18,granite,bundle,north,4,9.9,13.0,delivered
2026-02-18,iris,tank,central,3,140.0,163.4,delivered
2026-02-19,juno,carton,central,6,4.25,12.9,delivered
2026-02-19,harbor,parcel,south,20,6.5,23.3,returned
2026-02-20,iris,drum,south,12,34.9,157.8,delivered
2026-02-21,granite,tank,north,12,140.0,687.8,delivered
2026-02-21,harbor,drum,central,12,34.9,177.3,delivered
2026-02-21,granite,drum,south,2,34.9,26.2,delivered
2026-02-21,granite,roll,south,8,22.0,73.0,delivered
2026-02-21,falcon,pallet,north,5,18.5,49.8,lost
2026-02-22,juno,tank,north,3,140.0,172.9,delivered
2026-02-23,cobalt,crate,west,6,12.0,40.0,delivered
2026-02-23,juno,crate,south,1,12.0,7.0,delivered
2026-02-23,delta,parcel,east,4,6.5,4.7,delivered
2026-02-24,acme,drum,central,5,34.9,67.3,delivered
2026-02-24,juno,crate,south,20,12.0,129.4,lost
2026-02-25,acme,roll,east,12,22.0,106.2,delivered
2026-02-25,everest,pallet,west,4,18.5,45.6,delivered
2026-02-26,iris,tank,south,5,140.0,275.1,delivered
2026-02-26,borealis,tank,north,15,140.0,856.1,delivered
2026-02-28,juno,pallet,west,15,18.5,169.3,delivered
2026-02-28,granite,parcel,central,3,6.5,3.9,lost
2026-02-28,juno,roll,central,10,22.0,82.4,delivered
2026-02-28,everest,drum,central,8,34.9,115.8,delivered
2026-03-01,borealis,bundle,west,1,9.9,3.7,delivered
2026-03-03,everest,roll,west,2,22.0,16.2,delivered
2026-03-03,delta,bundle,east,12,9.9,42.1,delivered
2026-03-04,borealis,tank,west,15,140.0,801.2,delivered
2026-03-04,falcon,pallet,north,15,18.5,149.9,returned
2026-03-05,acme,pallet,north,1,18.5,11.4,delivered
2026-03-05,falcon,drum,east,4,34.9,59.7,delivered
2026-03-05,acme,parcel,east,2,6.5,2.2,delivered
2026-03-06,falcon,carton,west,5,4.25,11.5,delivered
2026-03-06,cobalt,bundle,central,6,9.9,18.6,delivered
2026-03-06,granite,drum,east,6,34.9,89.0,delivered
2026-03-07,borealis,roll,central,2,22.0,17.7,delivered
2026-03-07,harbor,drum,north,10,34.9,127.6,delivered
2026-03-08,borealis,crate,south,1,12.0,6.5,delivered
2026-03-08,acme,roll,east,5,22.0,47.5,delivered
2026-03-08,everest,carton,central,3,4.25,5.8,delivered
2026-03-08,everest,drum,east,2,34.9,27.8,delivered
2026-03-09,delta,parcel,north,12,6.5,15.2,delivered
2026-03-09,everest,carton,south,2,4.25,4.0,delivered
2026-03-10,juno,roll,central,8,22.0,65.1,delivered
2026-03-11,acme,tank,west,10,140.0,548.4,delivered
2026-03-12,harbor,roll,central,10,22.0,83.2,delivered
2026-03-12,granite,roll,central,4,22.0,38.5,delivered
2026-03-13,acme,drum,south,20,34.9,264.8,delivered
2026-03-13,juno,pallet,central,3,18.5,35.7,lost
2026-03-13,harbor,tank,east,10,140.0,562.3,delivered
2026-03-13,borealis,drum,east,20,34.9,286.8,delivered
2026-03-14,iris,carton,east,4,4.25,7.6,delivered
2026-03-14,borealis,carton,south,4,4.25,7.9,delivered
2026-03-14,iris,carton,south,2,4.25,4.3,delivered
2026-03-14,granite,parcel,central,1,6.5,1.3,delivered
2026-03-15,granite,tank,central,6,140.0,315.7,returned
2026-03-15,granite,bundle,west,1,9.9,3.2,lost
2026-03-15,acme,carton,east,15,4.25,29.3,delivered
2026-03-15,juno,pallet,central,10,18.5,105.8,delivered
2026-03-15,delta,tank,north,4,140.0,217.7,delivered
2026-03-16,juno,drum,north,10,34.9,133.8,lost
2026-03-16,borealis,roll,central,6,22.0,52.7,delivered
2026-03-16,borealis,roll,south,8,22.0,65.9,delivered
2026-03-17,harbor,carton,east,20,4.25,43.1,delivered
2026-03-17,juno,roll,east,6,22.0,56.4,lost
2026-03-17,falcon,bundle,north,5,9.9,17.4,returned
2026-03-18,granite,roll,north,12,22.0,103.5,delivered
2026-03-18,delta,bundle,east,20,9.9,68.2,delivered
2026-03-18,acme,crate,central,15,12.0,98.7,delivered
2026-03-19,acme,pallet,west,8,18.5,86.0,returned
2026-03-20,everest,parcel,west,5,6.5,5.7,delivered
2026-03-20,cobalt,crate,south,8,12.0,51.6,delivered
2026-03-21,borealis,tank,east,20,140.0,1041.7,delivered
2026-03-21,falcon,tank,east,6,140.0,356.8,returned
2026-03-21,cobalt,roll,central,1,22.0,8.7,delivered
2026-03-22,cobalt,tank,east,15,140.0,812.2,returned
2026-03-22,acme,roll,north,12,22.0,115.2,delivered
2026-03-22,everest,pallet,east,3,18.5,32.5,delivered
2026-03-23,falcon,roll,central,8,22.0,68.7,returned
2026-03-23,harbor,tank,east,1,140.0,53.4,delivered
2026-03-23,delta,tank,north,4,140.0,238.7,delivered
2026-03-23,delta,pallet,east,12,18.5,133.9,returned
2026-03-23,everest,parcel,west,5,6.5,6.6,delivered
2026-03-24,harbor,bundle,central,15,9.9,53.9,delivered
2026-03-24,iris,bundle,west,4,9.9,12.4,returned
2026-03-26,borealis,pallet,south,4,18.5,43.6,delivered
2026-03-27,borealis,tank,east,6,140.0,354.2,delivered
2026-03-28,acme,roll,east,6,22.0,54.5,delivered
2026-03-28,harbor,bundle,west,20,9.9,64.4,delivered
2026-03-28,borealis,crate,east,12,12.0,76.8,delivered
2026-03-29,harbor,crate,north,1,12.0,5.9,delivered
2026-03-29,iris,crate,east,6,12.0,37.2,returned
2026-03-29,juno,roll,east,12,22.0,98.4,delivered
2026-03-30,harbor,tank,north,3,140.0,166.8,delivered
2026-03-31,acme,crate,south,3,12.0,18.0,delivered
2026-03-31,cobalt,roll,east,15,22.0,127.7,lost
2026-03-31,iris,parcel,south,20,6.5,23.9,delivered
2026-04-01,harbor,crate,south,12,12.0,72.3,delivered
2026-04-01,borealis,pallet,east,8,18.5,81.7,delivered
2026-04-03,iris,carton,south,3,4.25,6.4,delivered
2026-04-03,juno,pallet,west,8,18.5,83.7,delivered
2026-04-04,falcon,pallet,north,3,18.5,34.3,delivered
2026-04-05,cobalt,drum,east,10,34.9,151.4,delivered
2026-04-05,juno,parcel,central,8,6.5,9.8,returned
2026-04-06,everest,tank,east,8,140.0,483.9,delivered
2026-04-06,delta,pallet,east,20,18.5,232.2,delivered
2026-04-06,iris,drum,south,3,34.9,44.1,delivered
2026-04-06,everest,parcel,central,3,6.5,3.7,delivered
2026-04-07,granite,drum,south,4,34.9,54.2,delivered
2026-04-08,granite,drum,north,1,34.9,14.1,delivered
2026-04-08,iris,crate,west,12,12.0,75.0,delivered
2026-04-08,acme,drum,north,5,34.9,68.8,delivered
2026-04-08,iris,tank,east,4,140.0,219.3,delivered
2026-04-10,delta,tank,central,1,140.0,50.6,delivered
2026-04-10,falcon,crate,north,8,12.0,56.4,delivered
2026-04-10,everest,crate,south,10,12.0,62.0,delivered
2026-04-10,borealis,bundle,east,8,9.9,25.6,delivered
2026-04-11,cobalt,carton,south,5,4.25,10.6,delivered
2026-04-12,juno,drum,central,4,34.9,61.0,delivered
2026-04-12,delta,crate,central,5,12.0,30.2,delivered
2026-04-13,cobalt,carton,south,8,4.25,17.8,returned
2026-04-13,everest,roll,south,6,22.0,47.8,returned
2026-04-13,cobalt,crate,west,8,12.0,56.0,delivered
2026-04-13,granite,tank,south,12,140.0,684.1,lost
2026-04-14,acme,crate,east,3,12.0,21.4,delivered
2026-04-14,iris,drum,north,4,34.9,53.2,returned
2026-04-15,falcon,roll,south,15,22.0,128.5,returned
2026-04-17,granite,bundle,central,1,9.9,3.1,delivered
2026-04-18,falcon,parcel,north,15,6.5,17.0,delivered
2026-04-18,borealis,roll,west,5,22.0,44.1,delivered
2026-04-19,juno,tank,east,8,140.0,425.9,delivered
2026-04-19,cobalt,roll,central,20,22.0,185.9,delivered
2026-04-19,harbor,pallet,east,4,18.5,45.7,returned
2026-04-20,borealis,carton,south,6,4.25,13.2,delivered
2026-04-20,granite,tank,south,1,140.0,59.0,delivered
2026-04-21,iris,tank,central,2,140.0,108.6,returned
2026-04-21,delta,crate,south,3,12.0,19.5,delivered
2026-04-22,iris,parcel,south,20,6.5,24.8,delivered
2026-04-22,cobalt,tank,south,20,140.0,1190.2,returned
2026-04-22,harbor,crate,central,5,12.0,33.6,delivered
2026-04-22,acme,roll,central,3,22.0,24.7,delivered
2026-04-22,falcon,tank,north,15,140.0,836.7,delivered
2026-04-22,juno,roll,west,15,22.0,135.8,lost
2026-04-23,delta,carton,north,20,4.25,40.0,delivered
2026-04-24,granite,bundle,east,6,9.9,22.2,delivered
2026-04-25,cobalt,drum,west,15,34.9,202.1,delivered
2026-04-25,acme,bundle,west,5,9.9,18.0,delivered
2026-04-25,acme,bundle,north,5,9.9,16.6,delivered
2026-04-25,delta,bundle,north,15,9.9,50.9,delivered
2026-04-25,acme,drum,south,4,34.9,60.1,delivered
2026-04-26,borealis,drum,central,1,34.9,13.5,delivered
2026-04-26,everest,carton,south,12,4.25,23.8,returned
2026-04-26,juno,bundle,west,12,9.9,44.7,delivered
2026-04-27,delta,carton,south,15,4.25,32.3,delivered
2026-04-27,falcon,pallet,east,2,18.5,23.2,returned
2026-04-27,juno,roll,west,20,22.0,172.0,delivered
2026-04-28,falcon,pallet,south,12,18.5,127.8,delivered
2026-04-28,juno,drum,west,5,34.9,72.8,delivered
2026-04-29,granite,drum,central,12,34.9,168.0,delivered
2026-04-29,acme,bundle,central,4,9.9,12.3,delivered
2026-04-30,falcon,bundle,central,20,9.9,61.9,delivered
2026-05-03,delta,drum,central,3,34.9,38.9,delivered
2026-05-03,iris,crate,north,8,12.0,56.0,delivered
2026-05-03,iris,pallet,central,20,18.5,209.2,delivered
2026-05-03,everest,drum,central,4,34.9,56.3,delivered
2026-05-04,granite,carton,west,3,4.25,6.3,delivered
2026-05-04,juno,crate,south,1,12.0,7.0,returned
2026-05-05,juno,roll,west,4,22.0,31.8,delivered
2026-05-05,falcon,bundle,north,12,9.9,42.8,delivered
2026-05-05,borealis,roll,central,5,22.0,45.5,delivered
2026-05-06,cobalt,roll,south,6,22.0,50.4,delivered
2026-05-07,cobalt,parcel,east,3,6.5,3.6,delivered
2026-05-07,iris,pallet,west,3,18.5,35.5,lost
2026-05-07,acme,tank,central,10,140.0,545.5,lost
2026-05-07,falcon,crate,west,20,12.0,117.5,delivered
2026-05-09,iris,crate,north,12,12.0,72.5,delivered
2026-05-09,harbor,pallet,north,6,18.5,66.5,returned
2026-05-10,granite,roll,south,8,22.0,76.1,delivered
2026-05-11,delta,pallet,north,20,18.5,241.5,delivered
2026-05-11,delta,bundle,east,2,9.9,7.1,delivered
2026-05-11,juno,tank,south,3,140.0,165.3,delivered
2026-05-11,falcon,drum,east,2,34.9,26.6,delivered
2026-05-12,falcon,parcel,west,2,6.5,2.5,delivered
2026-05-12,granite,tank,central,5,140.0,251.9,delivered
2026-05-12,cobalt,bundle,west,5,9.9,15.9,delivered
2026-05-12,cobalt,carton,north,15,4.25,32.0,lost
2026-05-13,falcon,tank,central,1,140.0,50.3,delivered
2026-05-13,juno,carton,central,4,4.25,8.8,delivered
2026-05-14,acme,crate,east,5,12.0,35.6,returned
2026-05-14,acme,roll,west,15,22.0,143.6,delivered
2026-05-15,juno,carton,north,5,4.25,9.9,returned
2026-05-16,juno,roll,east,2,22.0,19.3,delivered
2026-05-16,falcon,crate,east,1,12.0,6.8,delivered
2026-05-16,granite,bundle,south,5,9.9,15.9,returned
2026-05-18,granite,carton,west,20,4.25,43.6,delivered
2026-05-18,granite,bundle,east,12,9.9,42.9,delivered
2026-05-19,harbor,bundle,central,20,9.9,69.5,delivered
2026-05-19,cobalt,crate,central,5,12.0,32.0,delivered
2026-05-20,harbor,pallet,north,12,18.5,131.7,delivered
2026-05-20,iris,crate,west,2,12.0,13.2,returned
2026-05-20,delta,roll,north,4,22.0,32.3,lost
2026-05-21,falcon,drum,south,3,34.9,44.8,delivered
2026-05-21,iris,bundle,west,3,9.9,10.3,delivered
2026-05-23,cobalt,drum,central,1,34.9,14.9,delivered
2026-05-23,everest,pallet,west,3,18.5,30.6,delivered
2026-05-23,falcon,parcel,east,15,6.5,18.5,delivered
2026-05-23,granite,crate,west,4,12.0,24.7,delivered
2026-05-24,juno,carton,central,1,4.25,2.2,lost
2026-05-24,granite,tank,north,10,140.0,594.5,delivered
2026-05-25,everest,roll,central,1,22.0,9.5,delivered
2026-05-25,delta,roll,east,4,22.0,32.0,delivered
2026-05-25,cobalt,roll,east,20,22.0,176.6,delivered
2026-05-27,cobalt,parcel,central,3,6.5,3.3,delivered
2026-05-27,granite,carton,south,8,4.25,18.0,lost
2026-05-27,harbor,crate,east,15,12.0,94.9,delivered
2026-05-28,juno,pallet,central,1,18.5,11.7,delivered
2026-05-28,falcon,tank,east,10,140.0,535.3,delivered
2026-05-28,harbor,bundle,north,20,9.9,63.2,delivered
2026-05-28,iris,drum,east,2,34.9,27.7,delivered
2026-05-29,delta,carton,central,8,4.25,16.7,delivered
2026-05-29,iris,drum,north,2,34.9,28.9,delivered
2026-05-30,cobalt,crate,west,20,12.0,132.5,delivered
2026-05-30,granite,parcel,north,3,6.5,3.5,lost
2026-05-31,juno,tank,north,3,140.0,164.9,returned
2026-05-31,delta,bundle,east,6,9.9,21.7,delivered
2026-06-01,iris,parcel,west,4,6.5,4.8,delivered
2026-06-02,harbor,tank,west,20,140.0,1124.0,delivered
2026-06-02,falcon,crate,central,15,12.0,89.4,delivered
2026-06-02,delta,bundle,south,1,9.9,3.2,delivered
2026-06-02,cobalt,tank,west,2,140.0,108.2,delivered
2026-06-03,acme,pallet,west,8,18.5,93.8,delivered
2026-06-04,borealis,tank,west,2,140.0,116.6,delivered
2026-06-04,iris,bundle,west,2,9.9,6.2,delivered
2026-06-05,everest,crate,west,4,12.0,26.3,delivered
2026-06-05,granite,carton,east,5,4.25,10.7,delivered
2026-06-06,harbor,carton,north,15,4.25,32.7,delivered
2026-06-06,everest,crate,west,5,12.0,30.2,delivered
2026-06-06,iris,tank,north,5,140.0,257.2,delivered
2026-06-06,iris,roll,south,5,22.0,40.9,delivered
2026-06-06,falcon,bundle,north,8,9.9,25.9,delivered
2026-06-06,harbor,bundle,north,5,9.9,16.4,returned
2026-06-07,cobalt,tank,north,15,140.0,748.6,delivered
2026-06-07,delta,crate,east,15,12.0,100.8,lost
2026-06-08,borealis,pallet,east,4,18.5,48.4,delivered
2026-06-08,borealis,parcel,north,4,6.5,5.0,delivered
2026-06-08,granite,crate,east,12,12.0,78.9,delivered
2026-06-08,iris,tank,north,2,140.0,113.7,delivered
2026-06-09,iris,pallet,east,5,18.5,51.0,returned
2026-06-10,falcon,carton,east,10,4.25,21.8,delivered
2026-06-10,juno,drum,south,6,34.9,76.3,delivered
2026-06-10,cobalt,tank,north,5,140.0,285.5,delivered
2026-06-11,juno,carton,south,3,4.25,6.5,delivered
2026-06-11,delta,crate,east,2,12.0,11.9,delivered
2026-06-11,juno,parcel,east,6,6.5,6.5,delivered
2026-06-13,everest,tank,south,5,140.0,284.9,lost
2026-06-13,harbor,pallet,central,6,18.5,72.2,delivered
2026-06-13,harbor,drum,east,5,34.9,71.8,delivered
2026-06-14,granite,pallet,central,10,18.5,105.8,delivered
2026-06-14,juno,crate,west,1,12.0,6.8,delivered
2026-06-14,delta,tank,central,20,140.0,1207.6,delivered
2026-06-15,everest,pallet,east,12,18.5,124.9,delivered
2026-06-15,delta,roll,central,3,22.0,25.5,delivered
2026-06-15,everest,tank,central,15,140.0,878.0,returned
2026-06-16,iris,roll,east,8,22.0,74.6,delivered
2026-06-16,falcon,pallet,east,5,18.5,53.3,delivered
2026-06-16,iris,crate,north,10,12.0,65.1,delivered
2026-06-16,iris,roll,central,15,22.0,122.2,delivered
2026-06-16,iris,carton,east,10,4.25,20.9,delivered
2026-06-16,borealis,crate,north,20,12.0,132.2,returned
2026-06-17,cobalt,crate,central,6,12.0,36.5,delivered
2026-06-18,iris,carton,east,5,4.25,9.7,delivered
2026-06-18,borealis,carton,central,8,4.25,15.1,delivered
2026-06-19,granite,carton,south,2,4.25,4.2,returned
2026-06-19,everest,crate,east,4,12.0,28.3,returned
2026-06-19,acme,pallet,east,3,18.5,35.5,delivered
2026-06-19,borealis,carton,west,5,4.25,9.7,delivered
2026-06-20,juno,drum,east,1,34.9,13.9,returned
2026-06-20,juno,tank,south,4,140.0,229.1,delivered
2026-06-21,everest,pallet,north,6,18.5,62.4,delivered
2026-06-21,iris,crate,east,5,12.0,31.7,delivered
2026-06-21,granite,carton,north,15,4.25,32.6,delivered
2026-06-21,everest,bundle,south,12,9.9,41.7,delivered
2026-06-21,borealis,crate,south,1,12.0,6.5,delivered
2026-06-21,harbor,roll,west,4,22.0,32.7,delivered
2026-06-21,delta,carton,south,12,4.25,27.5,returned
2026-06-22,harbor,tank,north,12,140.0,722.4,delivered
2026-06-22,everest,bundle,west,8,9.9,25.3,returned
2026-06-23,falcon,drum,east,8,34.9,118.3,delivered
2026-06-24,granite,roll,central,2,22.0,17.3,delivered
2026-06-24,cobalt,carton,west,6,4.25,13.8,delivered
2026-06-25,borealis,roll,east,3,22.0,25.4,delivered
2026-06-25,falcon,roll,south,1,22.0,8.4,lost
2026-06-25,harbor,roll,central,10,22.0,80.8,delivered
2026-06-25,cobalt,crate,north,1,12.0,6.9,delivered
2026-06-25,acme,carton,north,3,4.25,6.3,delivered
2026-06-26,cobalt,drum,north,1,34.9,14.8,returned
2026-06-26,borealis,pallet,south,10,18.5,102.8,delivered
2026-06-27,borealis,drum,central,5,34.9,66.1,delivered
2026-06-28,everest,drum,north,2,34.9,27.6,delivered
2026-06-28,falcon,bundle,east,4,9.9,14.4,delivered
2026-06-30,granite,parcel,south,10,6.5,11.0,delivered
