date,customer,product,category,qty,price,status
2026-02-13,anna,hat,clothing,1,49.9,done
2026-03-19,anna,headphones,electronics,2,249.99,done
2026-04-03,darek,coffee,groceries,1,42.0,done
2026-05-04,darek,laptop,electronics,1,3499.0,done
2026-01-08,anna,coffee,groceries,2,42.0,done
2026-05-04,jan,mouse,electronics,3,89.5,done
2026-01-19,jan,mouse,electronics,2,89.5,done
2026-06-03,jan,book,books,1,54.9,done
2026-06-18,gosia,tea,groceries,3,18.5,done
2026-03-10,darek,tea,groceries,2,18.5,done
2026-01-19,ewa,jacket,clothing,4,399.0,returned
2026-03-20,bartek,tea,groceries,1,18.5,done
2026-03-05,henryk,mouse,electronics,4,89.5,done
2026-05-19,filip,headphones,electronics,3,249.99,done
2026-04-19,henryk,comic,books,1,32.0,done
2026-04-23,bartek,shoes,clothing,1,289.0,done
2026-06-19,henryk,shoes,clothing,3,289.0,done
2026-01-15,filip,hat,clothing,2,49.9,done
2026-01-07,ewa,tea,groceries,2,18.5,done
2026-04-28,henryk,coffee,groceries,1,42.0,done
2026-05-09,celina,coffee,groceries,4,42.0,returned
2026-06-14,filip,shoes,clothing,4,289.0,cancelled
2026-01-06,celina,mouse,electronics,2,89.5,done
2026-04-27,jan,laptop,electronics,2,3499.0,done
2026-02-14,iza,laptop,electronics,3,3499.0,done
2026-02-23,iza,hat,clothing,1,49.9,done
2026-04-13,gosia,book,books,4,54.9,done
2026-01-07,bartek,coffee,groceries,2,42.0,done
2026-03-20,anna,headphones,electronics,1,249.99,done
2026-05-04,filip,mouse,electronics,1,89.5,done
2026-05-13,celina,jacket,clothing,3,399.0,cancelled
2026-03-16,bartek,comic,books,1,32.0,done
2026-04-16,ewa,tea,groceries,1,18.5,done
2026-06-09,henryk,hat,clothing,2,49.9,done
2026-05-12,celina,jacket,clothing,1,399.0,done
2026-06-28,bartek,shoes,clothing,3,289.0,done
2026-03-25,darek,mouse,electronics,3,89.5,done
2026-02-26,darek,comic,books,4,32.0,done
2026-02-17,henryk,jacket,clothing,3,399.0,done
2026-03-16,ewa,laptop,electronics,2,3499.0,done
2026-04-26,filip,hat,clothing,3,49.9,done
2026-02-16,darek,headphones,electronics,3,249.99,done
2026-05-27,anna,comic,books,4,32.0,returned
2026-06-03,bartek,hat,clothing,4,49.9,done
2026-04-06,gosia,jacket,clothing,3,399.0,done
2026-04-13,bartek,coffee,groceries,2,42.0,done
2026-01-05,jan,mouse,electronics,4,89.5,done
2026-05-27,jan,mouse,electronics,4,89.5,done
2026-02-18,iza,hat,clothing,2,49.9,done
2026-05-24,celina,headphones,electronics,4,249.99,cancelled
2026-02-01,ewa,jacket,clothing,2,399.0,done
2026-05-11,ewa,jacket,clothing,4,399.0,done
2026-06-12,henryk,laptop,electronics,4,3499.0,done
2026-02-18,celina,book,books,1,54.9,returned
2026-05-01,celina,mouse,electronics,2,89.5,done
2026-06-04,iza,comic,books,1,32.0,done
2026-05-18,henryk,book,books,1,54.9,returned
2026-02-07,ewa,laptop,electronics,1,3499.0,done
2026-04-18,anna,book,books,1,54.9,done
2026-05-20,iza,comic,books,2,32.0,done
2026-05-18,henryk,tea,groceries,2,18.5,done
2026-05-07,henryk,shoes,clothing,2,289.0,done
2026-04-11,bartek,coffee,groceries,2,42.0,done
2026-06-10,bartek,jacket,clothing,2,399.0,returned
2026-02-09,celina,hat,clothing,4,49.9,done
2026-04-16,celina,headphones,electronics,2,249.99,done
2026-05-13,filip,coffee,groceries,4,42.0,done
2026-01-24,filip,hat,clothing,1,49.9,done
2026-04-23,anna,tea,groceries,4,18.5,done
2026-03-17,bartek,comic,books,1,32.0,cancelled
2026-01-03,ewa,jacket,clothing,3,399.0,done
2026-03-25,celina,mouse,electronics,4,89.5,done
2026-04-05,iza,shoes,clothing,4,289.0,done
2026-03-02,celina,headphones,electronics,4,249.99,returned
2026-01-21,bartek,shoes,clothing,3,289.0,done
2026-01-09,bartek,jacket,clothing,4,399.0,done
2026-04-09,jan,book,books,2,54.9,done
2026-01-06,ewa,jacket,clothing,1,399.0,done
2026-06-10,iza,shoes,clothing,2,289.0,done
2026-06-06,ewa,book,books,3,54.9,done
2026-01-01,anna,shoes,clothing,2,289.0,done
2026-04-04,gosia,jacket,clothing,4,399.0,done
2026-05-10,darek,coffee,groceries,2,42.0,done
2026-04-12,anna,mouse,electronics,2,89.5,done
2026-04-06,anna,shoes,clothing,1,289.0,done
2026-05-22,ewa,coffee,groceries,2,42.0,done
2026-04-06,celina,laptop,electronics,3,3499.0,done
2026-03-11,iza,shoes,clothing,3,289.0,done
2026-02-12,celina,shoes,clothing,1,289.0,done
2026-04-09,iza,headphones,electronics,2,249.99,done
2026-01-09,bartek,laptop,electronics,2,3499.0,done
2026-04-01,ewa,laptop,electronics,3,3499.0,done
2026-05-17,celina,headphones,electronics,4,249.99,done
2026-02-10,jan,tea,groceries,2,18.5,done
2026-06-14,iza,book,books,2,54.9,returned
2026-05-27,anna,book,books,2,54.9,done
2026-02-21,filip,laptop,electronics,1,3499.0,done
2026-05-02,anna,tea,groceries,2,18.5,done
2026-04-26,bartek,laptop,electronics,1,3499.0,done
2026-06-24,henryk,headphones,electronics,3,249.99,done
2026-02-24,darek,shoes,clothing,2,289.0,done
2026-04-28,gosia,tea,groceries,1,18.5,done
2026-01-20,darek,shoes,clothing,1,289.0,done
2026-03-21,ewa,hat,clothing,2,49.9,done
2026-04-09,bartek,laptop,electronics,2,3499.0,done
2026-06-17,ewa,shoes,clothing,4,289.0,done
2026-05-07,ewa,headphones,electronics,1,249.99,returned
2026-03-15,bartek,laptop,electronics,4,3499.0,cancelled
2026-02-07,bartek,coffee,groceries,1,42.0,done
2026-03-12,celina,book,books,3,54.9,returned
2026-02-16,henryk,hat,clothing,4,49.9,done
2026-04-22,henryk,laptop,electronics,4,3499.0,done
2026-04-12,gosia,mouse,electronics,3,89.5,done
2026-01-11,filip,hat,clothing,4,49.9,done
2026-06-01,ewa,jacket,clothing,3,399.0,done
2026-04-28,jan,coffee,groceries,1,42.0,done
2026-03-28,anna,coffee,groceries,3,42.0,done
2026-06-05,darek,shoes,clothing,3,289.0,done
2026-02-25,filip,hat,clothing,4,49.9,returned
2026-05-18,darek,coffee,groceries,1,42.0,done
2026-04-20,celina,coffee,groceries,3,42.0,done
2026-02-06,henryk,book,books,4,54.9,done
2026-03-24,ewa,shoes,clothing,4,289.0,done
2026-04-18,gosia,shoes,clothing,1,289.0,done
2026-01-07,iza,mouse,electronics,4,89.5,done
2026-03-25,henryk,tea,groceries,4,18.5,done
2026-02-03,celina,jacket,clothing,3,399.0,done
2026-02-12,ewa,hat,clothing,2,49.9,returned
2026-04-14,iza,coffee,groceries,2,42.0,done
2026-01-16,ewa,hat,clothing,3,49.9,done
2026-05-21,darek,book,books,1,54.9,done
2026-04-13,henryk,jacket,clothing,4,399.0,cancelled
2026-02-02,gosia,laptop,electronics,4,3499.0,cancelled
2026-01-03,gosia,tea,groceries,4,18.5,cancelled
2026-01-08,celina,jacket,clothing,2,399.0,done
2026-06-23,henryk,headphones,electronics,1,249.99,done
2026-01-26,celina,laptop,electronics,2,3499.0,done
2026-06-23,ewa,laptop,electronics,2,3499.0,done
2026-06-14,bartek,book,books,1,54.9,done
2026-05-07,gosia,book,books,3,54.9,done
2026-01-01,iza,comic,books,3,32.0,cancelled
2026-03-21,darek,shoes,clothing,4,289.0,done
2026-02-01,gosia,book,books,3,54.9,done
2026-04-22,gosia,jacket,clothing,1,399.0,done
2026-03-08,henryk,coffee,groceries,1,42.0,done
2026-03-22,gosia,coffee,groceries,2,42.0,done
2026-06-28,iza,shoes,clothing,1,289.0,done
2026-03-25,darek,jacket,clothing,2,399.0,done
2026-03-04,jan,shoes,clothing,4,289.0,done
2026-04-14,anna,jacket,clothing,2,399.0,returned
2026-02-01,jan,laptop,electronics,2,3499.0,done
2026-02-13,henryk,laptop,electronics,3,3499.0,done
2026-02-11,darek,headphones,electronics,2,249.99,done
2026-06-15,anna,book,books,3,54.9,done
2026-03-11,henryk,coffee,groceries,2,42.0,done
2026-03-03,filip,headphones,electronics,4,249.99,cancelled
2026-05-25,darek,headphones,electronics,4,249.99,done
2026-04-03,anna,shoes,clothing,4,289.0,done
2026-04-07,filip,book,books,3,54.9,done
2026-01-21,gosia,tea,groceries,2,18.5,done
2026-01-13,anna,coffee,groceries,4,42.0,done
2026-03-07,bartek,laptop,electronics,3,3499.0,done
2026-05-02,ewa,hat,clothing,3,49.9,returned
2026-01-24,jan,shoes,clothing,1,289.0,done
2026-01-16,henryk,jacket,clothing,4,399.0,done
2026-04-05,henryk,coffee,groceries,2,42.0,done
2026-06-25,celina,shoes,clothing,2,289.0,done
2026-04-12,jan,hat,clothing,1,49.9,done
2026-02-08,gosia,coffee,groceries,1,42.0,done
2026-05-18,filip,tea,groceries,2,18.5,cancelled
2026-01-09,jan,headphones,electronics,1,249.99,done
2026-04-23,henryk,coffee,groceries,2,42.0,done
2026-04-20,darek,coffee,groceries,1,42.0,done
2026-03-09,jan,shoes,clothing,3,289.0,done
2026-02-15,darek,shoes,clothing,2,289.0,done
2026-03-19,darek,mouse,electronics,3,89.5,done
2026-02-17,iza,shoes,clothing,2,289.0,done
2026-06-15,anna,headphones,electronics,1,249.99,done
2026-04-12,anna,jacket,clothing,3,399.0,done
2026-02-20,jan,laptop,electronics,2,3499.0,returned
2026-05-28,celina,hat,clothing,4,49.9,done
2026-01-21,jan,laptop,electronics,3,3499.0,done
2026-03-05,anna,hat,clothing,2,49.9,cancelled
2026-05-24,darek,laptop,electronics,1,3499.0,done
2026-06-12,celina,coffee,groceries,3,42.0,done
2026-04-18,henryk,laptop,electronics,1,3499.0,done
2026-06-18,celina,coffee,groceries,1,42.0,done
2026-06-09,gosia,coffee,groceries,3,42.0,done
2026-01-10,jan,coffee,groceries,3,42.0,done
2026-03-21,darek,laptop,electronics,4,3499.0,done
2026-01-14,celina,jacket,clothing,4,399.0,done
2026-04-19,filip,headphones,electronics,4,249.99,done
2026-01-02,iza,mouse,electronics,2,89.5,done
2026-01-19,jan,coffee,groceries,3,42.0,done
2026-02-12,ewa,mouse,electronics,2,89.5,done
2026-01-13,henryk,headphones,electronics,2,249.99,done
2026-04-11,anna,laptop,electronics,4,3499.0,done
2026-06-27,celina,comic,books,2,32.0,done
2026-02-27,henryk,comic,books,2,32.0,done
2026-04-17,celina,laptop,electronics,4,3499.0,done
2026-02-24,darek,mouse,electronics,1,89.5,returned
2026-06-27,filip,laptop,electronics,1,3499.0,done
2026-05-28,ewa,tea,groceries,4,18.5,done
2026-04-13,filip,jacket,clothing,4,399.0,done
2026-01-01,jan,mouse,electronics,4,89.5,done
2026-05-25,henryk,tea,groceries,2,18.5,done
2026-01-03,celina,coffee,groceries,3,42.0,done
2026-04-17,iza,headphones,electronics,1,249.99,done
2026-01-24,filip,mouse,electronics,1,89.5,done
2026-04-21,celina,book,books,1,54.9,returned
2026-06-23,bartek,comic,books,2,32.0,done
2026-03-26,celina,tea,groceries,2,18.5,done
2026-05-25,ewa,hat,clothing,2,49.9,done
2026-03-27,henryk,comic,books,2,32.0,done
2026-02-19,ewa,tea,groceries,2,18.5,done
2026-02-06,gosia,laptop,electronics,2,3499.0,done
2026-06-11,gosia,shoes,clothing,2,289.0,done
2026-01-25,iza,shoes,clothing,1,289.0,done
2026-04-18,iza,hat,clothing,1,49.9,done
2026-06-28,gosia,book,books,3,54.9,done
2026-05-05,filip,hat,clothing,3,49.9,done
2026-02-06,jan,tea,groceries,1,18.5,done
2026-03-10,jan,book,books,3,54.9,done
2026-02-05,ewa,laptop,electronics,4,3499.0,done
2026-01-05,henryk,hat,clothing,2,49.9,done
2026-01-02,anna,laptop,electronics,3,3499.0,done
2026-03-18,darek,book,books,4,54.9,done
2026-02-07,filip,comic,books,4,32.0,done
2026-02-23,celina,laptop,electronics,4,3499.0,done
2026-06-26,ewa,mouse,electronics,4,89.5,done
2026-01-21,iza,laptop,electronics,3,3499.0,done
2026-04-20,iza,comic,books,4,32.0,done
2026-01-02,iza,laptop,electronics,1,3499.0,done
2026-02-02,bartek,jacket,clothing,1,399.0,done
2026-02-14,darek,jacket,clothing,4,399.0,done
2026-05-10,bartek,mouse,electronics,3,89.5,done
2026-06-18,anna,tea,groceries,4,18.5,done
2026-01-24,henryk,tea,groceries,2,18.5,done
2026-03-08,anna,headphones,electronics,1,249.99,done
2026-06-02,ewa,shoes,clothing,4,289.0,done
2026-03-10,darek,book,books,1,54.9,returned
2026-02-09,darek,laptop,electronics,2,3499.0,returned
2026-02-13,filip,hat,clothing,2,49.9,done
2026-04-16,iza,book,books,1,54.9,returned
2026-06-08,jan,coffee,groceries,3,42.0,done
2026-05-19,bartek,coffee,groceries,2,42.0,done
2026-01-04,jan,laptop,electronics,2,3499.0,done
2026-06-01,anna,mouse,electronics,1,89.5,done
2026-06-03,anna,laptop,electronics,1,3499.0,returned
2026-02-27,iza,hat,clothing,1,49.9,returned
2026-01-08,darek,coffee,groceries,2,42.0,done
2026-06-03,ewa,laptop,electronics,4,3499.0,done
2026-06-07,ewa,headphones,electronics,3,249.99,done
2026-01-12,ewa,shoes,clothing,3,289.0,done
2026-03-25,jan,hat,clothing,4,49.9,returned
2026-06-01,gosia,comic,books,1,32.0,done
2026-03-16,anna,headphones,electronics,2,249.99,done
2026-05-27,ewa,headphones,electronics,2,249.99,done
2026-02-10,anna,book,books,1,54.9,done
2026-04-23,celina,headphones,electronics,4,249.99,done
2026-03-19,celina,book,books,3,54.9,done
2026-04-06,bartek,jacket,clothing,1,399.0,done
2026-01-21,filip,book,books,3,54.9,done
2026-06-03,gosia,coffee,groceries,1,42.0,done
2026-03-14,iza,shoes,clothing,2,289.0,done
2026-04-05,iza,jacket,clothing,1,399.0,done
2026-05-05,henryk,hat,clothing,3,49.9,done
2026-06-25,ewa,tea,groceries,2,18.5,done
2026-06-23,darek,tea,groceries,2,18.5,done
2026-02-24,celina,comic,books,2,32.0,done
2026-05-12,celina,comic,books,2,32.0,done
2026-03-24,bartek,jacket,clothing,2,399.0,cancelled
2026-02-13,celina,headphones,electronics,2,249.99,done
2026-04-09,darek,shoes,clothing,1,289.0,done
2026-03-07,gosia,headphones,electronics,4,249.99,done
2026-04-23,darek,coffee,groceries,3,42.0,done
2026-03-20,gosia,mouse,electronics,1,89.5,done
2026-06-19,jan,coffee,groceries,4,42.0,done
2026-02-22,celina,comic,books,1,32.0,done
2026-03-21,bartek,hat,clothing,4,49.9,done
2026-06-23,celina,coffee,groceries,3,42.0,done
2026-04-01,jan,tea,groceries,4,18.5,done
2026-06-11,anna,mouse,electronics,4,89.5,done
2026-01-09,iza,headphones,electronics,2,249.99,done
2026-05-12,bartek,jacket,clothing,4,399.0,done
2026-05-01,filip,tea,groceries,3,18.5,done
2026-02-22,celina,tea,groceries,4,18.5,done
2026-06-20,filip,headphones,electronics,1,249.99,done
2026-04-02,anna,coffee,groceries,1,42.0,done
2026-06-23,filip,coffee,groceries,3,42.0,done
2026-06-13,iza,shoes,clothing,2,289.0,cancelled
2026-04-07,celina,coffee,groceries,2,42.0,returned
2026-06-07,henryk,headphones,electronics,2,249.99,done
2026-03-22,gosia,mouse,electronics,4,89.5,cancelled
2026-06-05,henryk,book,books,3,54.9,done
2026-03-23,gosia,jacket,clothing,3,399.0,cancelled
2026-04-01,ewa,mouse,electronics,3,89.5,done
2026-03-16,henryk,shoes,clothing,4,289.0,done
2026-06-12,celina,headphones,electronics,3,249.99,returned
2026-01-27,jan,laptop,electronics,3,3499.0,done
2026-05-27,filip,mouse,electronics,1,89.5,done
2026-01-21,ewa,jacket,clothing,3,399.0,done
2026-02-28,darek,comic,books,2,32.0,done
2026-02-07,gosia,hat,clothing,2,49.9,done
2026-01-22,iza,comic,books,3,32.0,done
2026-05-03,henryk,jacket,clothing,1,399.0,done
2026-04-08,celina,shoes,clothing,4,289.0,done
2026-04-15,celina,laptop,electronics,4,3499.0,done
2026-05-20,anna,mouse,electronics,2,89.5,done
2026-06-19,henryk,tea,groceries,3,18.5,done
2026-04-14,bartek,hat,clothing,2,49.9,done
2026-01-20,anna,laptop,electronics,3,3499.0,done
2026-05-16,henryk,headphones,electronics,2,249.99,done
2026-06-05,filip,coffee,groceries,1,42.0,returned
2026-03-16,iza,hat,clothing,2,49.9,done
2026-04-09,iza,hat,clothing,1,49.9,done
2026-03-27,henryk,shoes,clothing,4,289.0,done
2026-05-12,darek,shoes,clothing,4,289.0,done
2026-02-11,ewa,hat,clothing,2,49.9,done
2026-01-13,iza,headphones,electronics,4,249.99,done
2026-04-10,bartek,laptop,electronics,1,3499.0,done
2026-05-25,anna,tea,groceries,4,18.5,done
2026-06-03,darek,comic,books,1,32.0,done
2026-06-25,celina,tea,groceries,1,18.5,done
2026-04-25,bartek,laptop,electronics,1,3499.0,done
2026-03-18,ewa,mouse,electronics,3,89.5,done
2026-03-01,gosia,laptop,electronics,1,3499.0,done
2026-01-27,bartek,book,books,4,54.9,done
2026-04-03,anna,coffee,groceries,4,42.0,done
2026-04-25,gosia,mouse,electronics,1,89.5,done
2026-02-05,anna,tea,groceries,4,18.5,done
2026-01-07,bartek,headphones,electronics,2,249.99,done
2026-06-19,darek,shoes,clothing,4,289.0,done
2026-01-12,celina,mouse,electronics,1,89.5,done
2026-06-16,henryk,book,books,3,54.9,returned
2026-06-02,anna,laptop,electronics,1,3499.0,done
2026-01-13,ewa,comic,books,3,32.0,done
2026-04-20,anna,mouse,electronics,3,89.5,done
2026-06-15,henryk,comic,books,2,32.0,done
2026-03-21,celina,headphones,electronics,4,249.99,done
2026-03-26,jan,tea,groceries,3,18.5,done
2026-05-21,jan,laptop,electronics,3,3499.0,returned
2026-02-20,ewa,laptop,electronics,4,3499.0,cancelled
2026-04-13,gosia,jacket,clothing,2,399.0,done
2026-06-01,filip,shoes,clothing,3,289.0,done
2026-05-27,anna,mouse,electronics,3,89.5,done
2026-02-09,iza,comic,books,4,32.0,done
2026-05-18,henryk,headphones,electronics,4,249.99,done
2026-03-20,anna,jacket,clothing,4,399.0,done
2026-03-19,anna,jacket,clothing,4,399.0,done
2026-05-26,filip,headphones,electronics,1,249.99,done
2026-05-09,iza,comic,books,3,32.0,done
2026-02-07,darek,comic,books,2,32.0,done
2026-03-19,jan,shoes,clothing,3,289.0,done
2026-02-08,anna,book,books,4,54.9,done
2026-03-21,henryk,headphones,electronics,1,249.99,done
2026-01-12,ewa,comic,books,1,32.0,done
2026-05-16,jan,jacket,clothing,2,399.0,done
2026-04-04,henryk,shoes,clothing,2,289.0,done
2026-03-07,celina,laptop,electronics,4,3499.0,done
2026-01-18,filip,laptop,electronics,4,3499.0,done
2026-05-21,gosia,headphones,electronics,1,249.99,done
2026-03-11,jan,headphones,electronics,2,249.99,done
2026-04-06,henryk,book,books,2,54.9,done
2026-06-08,celina,jacket,clothing,1,399.0,returned
2026-01-18,anna,hat,clothing,1,49.9,done
2026-06-24,henryk,book,books,1,54.9,done
2026-01-07,ewa,hat,clothing,4,49.9,done
2026-04-11,filip,headphones,electronics,3,249.99,done
2026-04-13,celina,hat,clothing,4,49.9,done
2026-06-01,henryk,mouse,electronics,2,89.5,done
2026-02-03,jan,mouse,electronics,3,89.5,returned
2026-04-04,gosia,mouse,electronics,1,89.5,done
2026-03-11,darek,tea,groceries,4,18.5,done
2026-02-11,darek,hat,clothing,1,49.9,done
2026-05-05,henryk,tea,groceries,2,18.5,done
2026-02-05,anna,coffee,groceries,3,42.0,done
2026-03-26,celina,shoes,clothing,3,289.0,done
2026-04-16,bartek,hat,clothing,2,49.9,cancelled
2026-06-26,darek,laptop,electronics,4,3499.0,done
2026-03-25,darek,headphones,electronics,3,249.99,done
2026-02-08,bartek,shoes,clothing,4,289.0,done
2026-01-27,ewa,mouse,electronics,2,89.5,cancelled
2026-04-26,iza,laptop,electronics,3,3499.0,done
2026-01-26,iza,tea,groceries,3,18.5,done
2026-01-14,darek,coffee,groceries,3,42.0,done
2026-02-17,darek,mouse,electronics,2,89.5,done
2026-01-20,henryk,headphones,electronics,3,249.99,done
2026-05-22,darek,mouse,electronics,3,89.5,done
2026-06-24,iza,headphones,electronics,4,249.99,done
2026-05-26,filip,laptop,electronics,3,3499.0,done
2026-01-01,gosia,tea,groceries,4,18.5,done
2026-02-06,jan,shoes,clothing,3,289.0,done
2026-05-20,anna,hat,clothing,3,49.9,done
2026-05-03,bartek,tea,groceries,3,18.5,done
2026-06-28,gosia,hat,clothing,1,49.9,done
2026-06-16,henryk,headphones,electronics,1,249.99,done
2026-02-01,darek,book,books,1,54.9,done
2026-02-04,ewa,mouse,electronics,3,89.5,done
2026-01-04,darek,laptop,electronics,3,3499.0,done
